Supplier Name,Region,Country,Function,Services,Avg. Cost($),Rating,Average Delivery Time,Number of Escalations,Year,Resources,Selected_Flag
Eadel,Europe,United States,IT & Infrastructure,Consultation,155,47,531,391,2013,7582,N
Dynabox,North America,Japan,IT & Infrastructure,Consultation,157,66,611,299,2007,13496,N
Eimbee,North America,United States,IT & Infrastructure,Service Desk,834,61,127,335,2008,55818,N
Zoovu,North America,Japan,IT & Infrastructure,Applications Development & Maintenance,293,20,295,242,2009,78300,N
Youtags,Europe,United States,HR,Mainframe services,551,6,737,475,2001,9111,Y
Buzzshare,South America,Greece,Administration,Mainframe services,814,61,557,748,2005,32208,N
Meevee,North America,United States,Administration,Mainframe services,646,86,506,207,2002,74677,N
Zoozzy,Asia,United States,IT & Infrastructure,Applications Development & Maintenance,832,19,143,472,2004,9677,Y
Flashdog,Asia,Japan,HR,Service Desk,434,8,348,361,2007,85546,Y
Browsetype,North America,United States,Procurement,Applications Development,858,28,318,830,2005,54264,Y
Lazzy,South America,Greece,Procurement,Consultation,853,44,607,895,2018,77901,N
Skinte,South America,United Kingdom,IT & Infrastructure,Service Desk,829,24,423,854,2000,98558,N
Wikibox,Africa,Japan,IT & Infrastructure,Mainframe services,527,28,711,839,2018,35029,Y
Rhyloo,Europe,United States,Administration,Consultation,258,89,640,896,2007,96288,Y
Oba,North America,United States,Administration,Mainframe services,329,92,504,605,2008,60697,Y
Youtags,Asia,Greece,HR,Applications Development & Maintenance,665,91,632,767,2005,60324,Y
Linkbuzz,Africa,Greece,Marketing,Service Desk,345,60,937,983,2015,23151,N
Mydeo,North America,Japan,Administration,Applications Development & Maintenance,741,55,675,642,2006,35666,Y
Flashpoint,Europe,United States,Administration,Applications Development & Maintenance,198,91,484,991,2012,19871,N
Youtags,South America,Japan,Consulting,Mainframe services,142,49,552,681,2022,77164,N
Fiveclub,Europe,Greece,HR,Mainframe services,729,20,846,985,2005,40797,Y
Blogtags,Asia,United Kingdom,Marketing,Mainframe services,617,65,922,548,2002,35051,N
Eidel,Asia,Japan,IT & Infrastructure,Applications Development,678,47,646,583,2012,70376,Y
Blogpad,Africa,Japan,Administration,Service Desk,304,35,455,695,2018,7310,Y
Skinix,North America,Greece,HR,Applications Development,497,83,732,387,2000,94249,Y
Thoughtbridge,North America,United States,Procurement,Mainframe services,995,16,720,709,2017,71770,Y
Topiczoom,Africa,Japan,Administration,Consultation,904,18,329,300,2015,36655,Y
Dabfeed,South America,Japan,Procurement,Applications Development,346,54,570,549,2018,54885,N
Oloo,Europe,United States,Consulting,Applications Development & Maintenance,882,7,948,469,2019,59780,Y
Jabberstorm,Europe,Japan,Consulting,Applications Development,145,14,995,133,2011,8543,Y
Oba,APAC,United States,Consulting,Consultation,979,90,502,322,2014,84690,N
Twitterwire,North America,Japan,HR,Consultation,713,46,146,510,2011,86632,Y
Shufflester,South America,Greece,Marketing,Applications Development,1002,62,70,544,2017,48788,Y
Aibox,Europe,United States,Marketing,Consultation,753,14,834,253,2000,71084,Y
Gabtune,Europe,Japan,IT & Infrastructure,Applications Development,209,71,289,137,2021,59079,N
Janyx,APAC,United States,Marketing,Applications Development & Maintenance,243,73,834,171,2013,72459,Y
Abatz,North America,United States,HR,Consultation,803,63,187,354,2022,22471,N
Jaxnation,Europe,United States,Procurement,Applications Development,419,24,636,161,2002,26458,Y
Abata,North America,Chile,Procurement,Service Desk,376,98,444,772,2013,28335,N
Yambee,North America,Greece,Administration,Consultation,894,51,917,949,2013,23448,Y
Innojam,Europe,Japan,IT & Infrastructure,Service Desk,139,86,649,610,2009,34872,N
Kare,Africa,United States,Consulting,Applications Development,395,68,559,770,2010,73955,N
Digitube,Africa,United States,HR,Applications Development & Maintenance,185,31,366,225,2014,58602,Y
Minyx,North America,United States,HR,Service Desk,503,3,609,600,2014,5856,N
Tagchat,South America,United States,Administration,Consultation,198,50,128,904,2014,41684,N
Linkbridge,North America,United States,HR,Mainframe services,308,15,249,570,2013,61380,N
Quamba,South America,Japan,Procurement,Mainframe services,709,82,878,988,2008,4644,Y
Lazzy,Africa,Greece,Consulting,Applications Development & Maintenance,130,15,696,128,2012,40320,N
Yacero,North America,United States,IT & Infrastructure,Applications Development,404,78,443,393,2001,68580,N
Zoomlounge,Africa,Greece,Marketing,Applications Development,518,10,495,564,2006,50338,N
Jabbersphere,Europe,Japan,Procurement,Service Desk,554,4,640,730,2014,29195,N
Topiczoom,APAC,India,Consulting,Applications Development & Maintenance,284,24,539,75,2006,18277,N
Izio,North America,United States,Procurement,Applications Development,531,95,114,280,2016,48233,Y
Kazio,APAC,Japan,Consulting,Applications Development,875,4,208,158,2000,88682,Y
Vipe,North America,United States,IT & Infrastructure,Applications Development & Maintenance,971,25,340,675,2003,7158,N
Avavee,APAC,United States,IT & Infrastructure,Service Desk,976,2,177,794,2022,60784,N
Jaxnation,South America,Japan,HR,Consultation,167,34,669,805,2012,11227,N
LiveZ,Europe,United States,Procurement,Applications Development,170,8,380,647,2000,85473,Y
Demizz,Europe,Greece,Consulting,Applications Development & Maintenance,861,14,340,954,2012,47285,N
Centizu,Asia,United States,Consulting,Mainframe services,946,38,393,934,2022,28419,Y
Camimbo,APAC,Japan,Marketing,Consultation,392,40,883,570,2013,24088,Y
Dabtype,North America,United States,Administration,Applications Development,806,17,597,841,2013,47452,Y
Skilith,Africa,United States,IT & Infrastructure,Consultation,1001,48,301,840,2004,30470,N
Youspan,APAC,Greece,Procurement,Service Desk,222,92,382,100,2016,10392,N
Trudeo,South America,United States,Administration,Service Desk,871,25,207,321,2005,89872,N
Meedoo,South America,United States,IT & Infrastructure,Mainframe services,428,51,469,140,2013,86163,Y
Gevee,Asia,Greece,Marketing,Applications Development & Maintenance,388,22,555,533,2018,32029,Y
Kazio,Europe,Japan,Marketing,Service Desk,712,42,283,861,2007,45838,Y
Zoombeat,Asia,United States,Administration,Applications Development,357,59,475,460,2000,16446,Y
Gabcube,Asia,United States,IT & Infrastructure,Applications Development,367,89,634,607,2001,18039,N
Buzzster,Africa,Chile,Procurement,Consultation,810,92,472,393,2012,92238,N
BlogXS,Europe,Greece,IT & Infrastructure,Mainframe services,990,78,937,612,2003,96294,N
InnoZ,Europe,United States,Marketing,Mainframe services,431,25,932,990,2007,68196,N
Ailane,Europe,Japan,Procurement,Applications Development & Maintenance,830,47,156,284,2001,10344,Y
Kwimbee,Europe,United States,Consulting,Consultation,939,2,377,21,2019,54063,Y
Camimbo,Africa,Greece,HR,Mainframe services,277,33,429,93,2012,42101,Y
Thoughtstorm,Europe,United States,Marketing,Service Desk,851,53,125,875,2003,67729,Y
Agivu,Europe,Greece,IT & Infrastructure,Applications Development,326,5,666,458,2003,51075,N
Wordware,Africa,Greece,IT & Infrastructure,Consultation,378,81,960,774,2014,88179,Y
Youfeed,South America,Greece,Procurement,Service Desk,184,85,769,3,2012,32012,N
Divavu,APAC,United States,HR,Service Desk,312,50,296,721,2016,71131,Y
Vipe,North America,Chile,Procurement,Mainframe services,478,80,254,450,2012,8375,N
Rhynyx,APAC,United States,Administration,Service Desk,987,9,158,295,2000,8108,N
Twitterwire,Europe,Japan,Procurement,Mainframe services,792,92,654,445,2007,24791,Y
Browsezoom,Europe,Greece,Administration,Service Desk,362,44,133,373,2020,69650,N
Tagtune,Asia,United States,Consulting,Applications Development & Maintenance,910,7,209,49,2018,75435,N
Twimbo,Europe,Chile,Marketing,Applications Development,827,20,946,210,2016,45150,N
Avaveo,Asia,United States,Marketing,Applications Development & Maintenance,777,61,202,141,2008,94213,N
Skyba,South America,United States,IT & Infrastructure,Service Desk,864,29,643,822,2008,69123,N
Topdrive,APAC,Japan,IT & Infrastructure,Applications Development,524,60,679,881,2020,14733,Y
Babblestorm,Europe,Japan,Procurement,Applications Development & Maintenance,404,87,829,662,2014,59279,Y
Riffpath,APAC,Greece,Marketing,Consultation,381,17,244,250,2008,47881,Y
Voolith,Europe,United States,Administration,Service Desk,941,38,326,851,2008,57553,Y
Skinte,North America,Japan,Administration,Service Desk,443,7,947,250,2003,46010,Y
Flipopia,South America,Greece,Marketing,Service Desk,538,36,317,771,2001,9001,N
Babblestorm,Asia,Japan,Administration,Service Desk,987,3,513,903,2014,19645,N
Zooveo,North America,Japan,HR,Service Desk,464,1,657,218,2016,84465,Y
Fivespan,North America,Chile,Procurement,Service Desk,457,28,373,703,2014,83070,Y
Yakitri,Africa,United States,Consulting,Applications Development,509,48,327,465,2012,69565,Y
Zoovu,Europe,Greece,Consulting,Service Desk,476,52,125,666,2010,27275,Y
Voomm,Asia,Japan,Procurement,Consultation,464,96,327,706,2004,72477,Y
Devbug,North America,Japan,Consulting,Applications Development,283,93,379,270,2013,34748,Y
Twitterbeat,Africa,Japan,Administration,Service Desk,963,51,669,567,2001,38439,Y
Riffpath,Asia,Greece,Administration,Consultation,400,91,193,715,2001,87127,Y
Demizz,Asia,Japan,HR,Applications Development & Maintenance,138,98,506,874,2015,41266,N
Minyx,North America,Japan,Consulting,Consultation,474,74,905,974,2017,57617,Y
Thoughtmix,Asia,United States,Consulting,Applications Development,550,64,586,65,2008,63198,N
Thoughtstorm,North America,United States,Consulting,Service Desk,490,26,447,86,2008,92196,Y
Zoozzy,South America,Greece,Consulting,Consultation,288,13,576,694,2005,65725,Y
Gigazoom,South America,United Kingdom,Administration,Mainframe services,893,36,159,255,2021,13410,Y
Rhyzio,APAC,United States,Administration,Applications Development,401,100,929,320,2016,38734,N
Oyope,South America,United States,HR,Mainframe services,676,36,578,164,2001,43791,N
Topiclounge,Africa,Japan,Marketing,Service Desk,903,76,742,246,2004,3656,N
Yombu,Europe,United States,Marketing,Applications Development & Maintenance,624,54,313,286,2002,41482,N
Topicstorm,Europe,Japan,Marketing,Consultation,146,8,330,618,2010,92699,Y
Skinte,Europe,Japan,Administration,Consultation,305,56,801,784,2008,36897,N
Kazu,APAC,Chile,HR,Applications Development,512,4,453,949,2003,27319,Y
Gabcube,South America,Japan,Marketing,Consultation,299,79,745,628,2014,4731,N
Muxo,North America,United States,IT & Infrastructure,Consultation,361,66,614,605,2007,89055,Y
Feedmix,Africa,Greece,Procurement,Service Desk,453,94,358,544,2011,16087,N
Fatz,North America,Japan,Procurement,Mainframe services,699,39,1006,355,2012,13590,Y
Skivee,Asia,Japan,Procurement,Consultation,299,1,325,239,2009,21029,N
Quinu,Africa,Greece,HR,Mainframe services,906,38,978,715,2017,44720,Y
Podcat,South America,Japan,HR,Consultation,172,37,61,713,2002,86281,N
Buzzdog,Africa,United States,Marketing,Applications Development & Maintenance,861,87,563,674,2003,79180,N
Skalith,Europe,Greece,Procurement,Applications Development & Maintenance,872,45,543,430,2022,26886,Y
Realbridge,North America,Japan,IT & Infrastructure,Mainframe services,117,100,942,845,2009,72429,N
Eamia,North America,Greece,IT & Infrastructure,Applications Development,275,52,609,520,2020,66804,N
Miboo,APAC,United States,Procurement,Consultation,783,21,572,388,2015,2588,N
Zoomdog,Europe,Greece,Consulting,Applications Development,115,90,835,305,2018,58391,N
Feedmix,Europe,Japan,IT & Infrastructure,Applications Development,229,13,381,45,2011,33921,Y
Youfeed,South America,Greece,Administration,Mainframe services,882,52,685,319,2000,37609,Y
Twitterbridge,Africa,United States,IT & Infrastructure,Applications Development,548,42,72,748,2012,89805,N
Devify,Europe,United States,IT & Infrastructure,Mainframe services,737,19,526,903,2003,49471,Y
Leenti,Asia,Greece,Administration,Applications Development & Maintenance,974,10,66,972,2001,22088,Y
Skipstorm,North America,Greece,Consulting,Applications Development,667,39,238,920,2019,7960,Y
Quatz,APAC,Greece,Consulting,Service Desk,305,78,456,443,2018,7999,N
Pixonyx,Europe,Japan,HR,Consultation,212,28,673,646,2018,42105,Y
Oloo,Asia,United States,IT & Infrastructure,Applications Development & Maintenance,547,1,773,981,2020,97890,N
Youopia,South America,United States,Procurement,Applications Development & Maintenance,935,25,981,503,2018,31607,Y
Zooxo,APAC,United Kingdom,Marketing,Mainframe services,995,91,69,27,2009,61162,Y
Gabvine,Africa,United States,Administration,Mainframe services,117,84,838,2,2019,48862,Y
Mycat,Asia,Japan,HR,Service Desk,727,15,234,390,2001,64954,N
Photobug,Asia,Japan,Administration,Mainframe services,670,22,888,891,2020,57287,N
Feedfire,Africa,Japan,Administration,Service Desk,944,90,950,923,2015,6917,Y
Mudo,APAC,Japan,Marketing,Mainframe services,481,96,106,47,2017,97793,N
Gigabox,Asia,United States,Procurement,Service Desk,488,64,789,564,2004,63838,N
Avaveo,Africa,Japan,Procurement,Consultation,992,71,75,44,2009,52432,Y
Tagtune,Europe,United States,Marketing,Consultation,475,49,352,566,2008,87256,Y
Brightdog,Asia,Japan,HR,Applications Development & Maintenance,406,21,357,617,2021,48211,N
Plambee,South America,Greece,HR,Applications Development & Maintenance,855,86,196,431,2007,33709,N
Aibox,North America,Chile,Administration,Service Desk,941,83,357,507,2002,42921,N
Zoomzone,Africa,United States,Marketing,Service Desk,315,61,713,167,2020,19059,N
Trilith,APAC,Greece,Marketing,Consultation,205,20,765,933,2008,74734,N
Feedspan,APAC,United States,Consulting,Consultation,463,86,195,447,2000,45764,Y
Dynabox,Europe,United States,Marketing,Consultation,739,83,258,137,2002,76070,N
Kamba,APAC,Greece,HR,Applications Development & Maintenance,949,49,999,928,2002,36939,Y
Tagpad,North America,Greece,Administration,Applications Development & Maintenance,927,45,518,337,2005,91064,Y
Tambee,APAC,Japan,Marketing,Applications Development,263,39,427,490,2018,7178,Y
Lazz,Asia,United States,Marketing,Applications Development & Maintenance,340,71,283,846,2009,52942,Y
Npath,North America,Greece,Marketing,Mainframe services,677,63,544,409,2001,14607,N
Voonder,Europe,Japan,Marketing,Applications Development & Maintenance,924,70,877,642,2017,38220,Y
Kwilith,Africa,Chile,Procurement,Applications Development,956,33,870,445,2001,27695,Y
Dynava,Africa,Greece,HR,Mainframe services,243,41,618,683,2016,49448,N
Ntag,South America,Greece,IT & Infrastructure,Applications Development & Maintenance,883,80,620,861,2011,23083,N
Wikizz,North America,United Kingdom,HR,Applications Development,522,63,373,473,2007,77195,N
Lajo,North America,Japan,HR,Mainframe services,588,85,309,458,2003,9648,N
Riffpedia,South America,Japan,Marketing,Consultation,965,92,805,697,2012,89932,Y
Kayveo,North America,United States,Marketing,Applications Development & Maintenance,114,64,588,162,2000,81029,Y
Browsebug,Asia,United States,IT & Infrastructure,Mainframe services,572,18,773,78,2013,33930,N
Meemm,Africa,United States,Marketing,Service Desk,901,42,727,866,2008,76077,Y
Realblab,APAC,Chile,Marketing,Applications Development & Maintenance,733,64,337,592,2007,79265,Y
Quimba,Africa,Greece,Marketing,Mainframe services,590,45,276,659,2011,96812,N
Aimbu,South America,United States,HR,Consultation,634,29,269,694,2021,57262,N
Shufflester,Asia,United States,HR,Mainframe services,331,68,649,465,2005,49632,N
Topicware,APAC,Japan,HR,Consultation,160,55,719,610,2008,11031,N
Twinder,South America,Japan,IT & Infrastructure,Consultation,880,64,821,323,2008,57720,Y
Dynabox,Africa,Japan,Consulting,Mainframe services,159,17,856,884,2001,33178,N
Babbleset,APAC,United States,IT & Infrastructure,Consultation,771,51,83,257,2002,5399,Y
Leenti,Asia,United States,IT & Infrastructure,Consultation,788,23,561,292,2018,67294,N
Zooveo,Asia,Japan,Procurement,Service Desk,500,37,447,827,2009,63982,Y
Thoughtbridge,APAC,Japan,Consulting,Applications Development & Maintenance,226,100,650,984,2003,95756,Y
Janyx,Africa,Japan,HR,Applications Development & Maintenance,114,87,585,372,2016,36685,Y
Skiba,Europe,Greece,Procurement,Consultation,856,12,333,697,2008,90144,N
Kimia,APAC,Chile,HR,Service Desk,253,49,690,200,2022,22141,Y
Viva,Africa,United States,HR,Applications Development,405,27,215,629,2008,76559,Y
Photojam,APAC,Chile,Marketing,Mainframe services,203,68,717,340,2017,85969,N
Yodoo,South America,United States,HR,Consultation,321,43,464,34,2010,96817,N
Zooxo,Asia,United States,Procurement,Applications Development & Maintenance,398,59,854,88,2020,82656,Y
Rhynoodle,Europe,Japan,HR,Applications Development & Maintenance,456,69,518,377,2000,5841,Y
Gevee,North America,Japan,Administration,Service Desk,818,87,785,130,2012,44029,N
Thoughtstorm,Europe,Japan,IT & Infrastructure,Mainframe services,764,89,355,643,2022,19142,Y
Lazzy,South America,Japan,Administration,Mainframe services,271,32,566,177,2021,35052,N
Avaveo,Africa,Greece,Consulting,Consultation,434,59,598,475,2012,53446,Y
Thoughtblab,North America,Japan,HR,Service Desk,314,77,534,98,2019,61671,N
Mynte,APAC,Greece,HR,Consultation,619,45,315,633,2022,50022,N
Roodel,APAC,Japan,Marketing,Applications Development & Maintenance,916,21,760,46,2011,6104,N
Skalith,South America,United States,Procurement,Applications Development,806,77,870,390,2002,96592,Y
BlogXS,Asia,Greece,HR,Service Desk,397,43,628,297,2017,20030,N
Yodo,Asia,United States,IT & Infrastructure,Applications Development & Maintenance,503,60,463,285,2007,85547,N
Plajo,APAC,Japan,Administration,Consultation,829,37,852,19,2010,6188,Y
Jaxbean,Europe,United States,IT & Infrastructure,Consultation,253,74,79,726,2010,82210,N
Yakidoo,Europe,Japan,Consulting,Applications Development,466,16,234,481,2005,86045,N
Blogtags,APAC,Greece,Marketing,Consultation,497,66,648,76,2004,33414,N
Vidoo,Asia,Japan,Administration,Service Desk,795,100,190,550,2018,20314,N
Wikivu,Asia,United States,IT & Infrastructure,Applications Development,757,66,148,488,2011,37111,Y
Omba,North America,United States,Marketing,Applications Development,639,51,830,913,2022,77540,Y
Thoughtbridge,Europe,Greece,Administration,Mainframe services,970,13,727,733,2016,62564,Y
Flipstorm,South America,Japan,HR,Service Desk,617,75,618,589,2015,93799,Y
Npath,North America,United States,Administration,Consultation,116,6,607,810,2007,25066,Y
Thoughtworks,APAC,Japan,Procurement,Mainframe services,145,93,307,443,2007,36605,N
Mynte,Europe,United States,HR,Service Desk,969,33,97,246,2007,37339,Y
Mymm,Africa,Greece,Procurement,Applications Development,381,30,958,328,2016,79778,N
Twinte,Asia,United States,Marketing,Mainframe services,451,12,623,838,2003,89203,N
Oyoba,APAC,United States,HR,Consultation,855,2,229,94,2015,27363,Y
Myworks,North America,Japan,HR,Consultation,476,32,168,560,2001,61303,Y
Oozz,North America,United States,Consulting,Consultation,253,62,474,684,2003,59630,Y
Photobug,South America,Greece,Consulting,Applications Development,852,2,563,538,2012,70267,Y
Tagpad,Europe,Greece,Procurement,Applications Development,188,64,621,705,2001,83379,Y
Flashspan,APAC,United States,HR,Mainframe services,322,60,208,938,2020,44980,N
Jabbertype,South America,United States,HR,Applications Development,519,3,450,561,2017,17584,N
Zoombox,Asia,Greece,Marketing,Applications Development,890,17,582,864,2001,86332,N
Eayo,South America,Greece,HR,Applications Development,514,55,742,542,2009,64796,N
Twinte,South America,United States,IT & Infrastructure,Service Desk,673,84,467,301,2008,88651,Y
Feedmix,North America,United States,HR,Service Desk,380,64,575,747,2003,79274,N
Feedfish,Asia,Chile,HR,Mainframe services,188,80,334,852,2008,18115,Y
Yadel,Europe,Greece,IT & Infrastructure,Consultation,332,46,735,885,2019,42358,Y
Fivechat,Europe,Greece,Marketing,Applications Development & Maintenance,536,7,498,528,2000,6179,Y
Camido,APAC,United States,Marketing,Applications Development & Maintenance,969,15,336,640,2002,68168,Y
Skinte,South America,Japan,IT & Infrastructure,Service Desk,125,95,821,749,2020,29165,Y
Ailane,Asia,United States,Marketing,Mainframe services,334,25,480,126,2020,37367,Y
Youspan,Europe,Japan,Administration,Service Desk,513,44,147,454,2003,69911,Y
Katz,Asia,Japan,Consulting,Applications Development & Maintenance,957,92,364,832,2000,85255,N
Eimbee,Europe,United States,HR,Consultation,991,75,316,483,2000,11352,Y
Minyx,South America,United States,IT & Infrastructure,Service Desk,414,30,828,61,2018,59297,N
Devcast,South America,United States,IT & Infrastructure,Applications Development,710,86,350,70,2000,32204,Y
Mydo,North America,Greece,Procurement,Applications Development & Maintenance,476,59,380,757,2018,32338,N
Realbridge,Europe,United States,HR,Mainframe services,950,28,262,17,2013,13689,Y
Oyope,APAC,United States,IT & Infrastructure,Applications Development & Maintenance,681,16,226,825,2001,59110,N
Realcube,Africa,Chile,HR,Service Desk,688,99,736,958,2010,25882,Y
Edgewire,APAC,United States,Marketing,Mainframe services,514,61,844,394,2004,7667,Y
Skippad,South America,Japan,IT & Infrastructure,Consultation,636,54,519,250,2020,61345,N
Fadeo,Asia,United States,Administration,Service Desk,928,45,545,595,2022,56814,Y
Avavee,Asia,Chile,IT & Infrastructure,Service Desk,505,30,272,370,2011,21400,Y
Fadeo,South America,Japan,IT & Infrastructure,Mainframe services,366,40,457,969,2019,35339,Y
Feedfish,Africa,Chile,HR,Consultation,365,28,454,565,2007,23321,Y
Realblab,North America,Japan,IT & Infrastructure,Applications Development,443,15,639,909,2004,38694,Y
Ntag,APAC,Chile,Consulting,Applications Development,769,77,516,481,2013,73661,Y
Divavu,APAC,Greece,HR,Service Desk,592,74,279,262,2008,10221,Y
Photojam,APAC,Japan,IT & Infrastructure,Service Desk,1002,50,89,838,2015,89871,N
Eayo,Asia,Japan,Consulting,Applications Development,332,53,543,545,2011,30226,N
Gigabox,Asia,United States,Marketing,Consultation,559,79,753,95,2018,11009,Y
Dabtype,Europe,Japan,HR,Consultation,179,68,67,91,2002,61427,Y
Chatterpoint,Europe,Japan,IT & Infrastructure,Service Desk,773,98,246,502,2018,84378,Y
Oyondu,South America,United States,Procurement,Service Desk,703,45,927,630,2022,6938,Y
Fivebridge,North America,Greece,Marketing,Mainframe services,296,13,505,526,2000,58707,Y
Rhyloo,South America,United States,Consulting,Consultation,871,96,64,481,2003,12358,N
Blogtag,Asia,Japan,HR,Mainframe services,610,49,352,836,2005,60710,N
Kazu,North America,Chile,Consulting,Service Desk,750,37,151,903,2014,63330,Y
Omba,Europe,Japan,Consulting,Applications Development,972,97,441,513,2012,16735,N
Youbridge,South America,United States,Procurement,Applications Development,617,73,696,985,2012,17443,N
Thoughtstorm,Europe,Japan,Marketing,Service Desk,191,79,359,112,2011,18578,N
Trunyx,APAC,United States,Marketing,Applications Development,364,3,927,795,2009,50890,Y
Katz,Europe,Japan,HR,Mainframe services,758,87,98,760,2002,8384,N
Thoughtstorm,South America,Japan,Consulting,Applications Development,811,50,123,200,2018,83972,N
Zoozzy,APAC,United States,HR,Applications Development & Maintenance,1004,4,955,206,2012,79564,Y
Aimbu,North America,United States,IT & Infrastructure,Consultation,368,86,718,250,2006,33446,Y
Dabvine,APAC,Greece,Administration,Applications Development,491,100,475,457,2011,93005,Y
Feedfire,South America,Japan,Administration,Mainframe services,704,95,819,101,2020,10533,N
Edgeblab,APAC,United States,Marketing,Consultation,321,34,264,372,2001,98036,Y
Blognation,Africa,United States,Marketing,Service Desk,802,51,245,238,2001,23152,N
Eazzy,Asia,Greece,IT & Infrastructure,Applications Development,228,15,511,66,2020,58744,N
Twitterwire,Europe,Japan,Marketing,Mainframe services,177,57,996,341,2015,80744,N
Skyvu,North America,Greece,Consulting,Consultation,751,15,551,67,2007,70938,N
Photobug,South America,Japan,Marketing,Consultation,538,32,749,917,2015,54040,N
Vipe,Europe,Greece,Administration,Service Desk,226,52,660,297,2002,4828,Y
Gabtune,North America,Japan,Marketing,Consultation,939,74,594,279,2022,8546,N
Buzzbean,Europe,Greece,HR,Mainframe services,299,59,769,972,2001,15535,Y
Skippad,South America,United States,Procurement,Applications Development,517,91,486,506,2021,68882,N
Trudeo,APAC,United States,Administration,Service Desk,977,75,340,119,2021,52139,Y
Eare,Asia,Japan,Marketing,Consultation,697,30,983,18,2005,65342,N
Twitterbeat,Asia,Japan,Consulting,Consultation,859,18,363,63,2007,80891,Y
Eidel,Africa,United States,Marketing,Service Desk,558,58,692,193,2000,86119,N
Tagtune,South America,Chile,IT & Infrastructure,Applications Development,119,16,576,674,2007,74146,N
Kanoodle,Africa,Japan,Administration,Consultation,246,16,484,702,2013,37707,Y
Camido,Asia,Japan,Marketing,Applications Development,909,78,277,976,2002,73305,Y
Avamba,South America,Greece,Marketing,Service Desk,594,56,111,349,2006,12357,N
Tagpad,North America,United Kingdom,Consulting,Service Desk,457,2,706,472,2021,50387,N
Kare,APAC,Greece,IT & Infrastructure,Consultation,912,48,157,333,2021,82639,N
Abatz,North America,United States,IT & Infrastructure,Applications Development,674,39,86,416,2005,22115,Y
Brainlounge,South America,Greece,Marketing,Applications Development & Maintenance,775,92,267,249,2000,43857,N
Quinu,North America,Japan,Marketing,Applications Development,689,53,282,948,2009,57979,Y
Zazio,Europe,United States,Marketing,Service Desk,872,64,523,851,2001,20973,Y
Skibox,Asia,Greece,Administration,Mainframe services,537,11,238,443,2007,10496,N
Zoovu,Africa,United Kingdom,Procurement,Consultation,628,26,626,865,2000,94872,Y
Snaptags,Europe,Greece,Marketing,Applications Development & Maintenance,300,50,362,577,2013,20484,N
Agivu,South America,United States,IT & Infrastructure,Applications Development,383,12,508,490,2015,89426,N
Tagfeed,South America,Japan,Procurement,Mainframe services,547,75,299,238,2015,65935,N
Mynte,Europe,Japan,Administration,Applications Development,317,40,567,599,2000,52346,Y
Photobean,Asia,Japan,Procurement,Consultation,512,68,265,683,2020,87693,N
Edgepulse,APAC,United States,HR,Mainframe services,902,96,162,917,2021,36665,N
Meeveo,APAC,Japan,HR,Service Desk,351,77,753,265,2014,58869,N
Centizu,Europe,Greece,Marketing,Applications Development & Maintenance,472,7,144,428,2005,67382,N
Quire,Africa,United States,Consulting,Applications Development & Maintenance,415,84,328,547,2018,36693,N
Leexo,South America,United States,Marketing,Service Desk,371,43,279,743,2011,57067,N
Brainsphere,North America,United States,Marketing,Service Desk,255,33,506,91,2008,55345,Y
Feednation,South America,United States,Marketing,Applications Development,217,64,512,849,2007,17247,N
Edgeclub,Europe,Japan,IT & Infrastructure,Service Desk,140,85,388,594,2010,74762,N
Teklist,Asia,Greece,HR,Mainframe services,896,1,174,422,2000,26422,Y
Kwideo,South America,Japan,HR,Service Desk,252,50,355,556,2021,25316,N
Buzzbean,North America,United Kingdom,Marketing,Applications Development & Maintenance,640,63,805,970,2012,58963,N
Voolith,Asia,United States,Marketing,Applications Development,674,14,295,1000,2016,54078,N
Twitterbridge,Europe,Japan,HR,Service Desk,142,58,906,687,2011,61216,Y
Avaveo,Africa,Japan,Consulting,Consultation,668,89,788,648,2000,75972,N
Tagpad,Africa,United States,Consulting,Consultation,573,79,253,877,2001,71663,Y
Thoughtblab,Africa,United States,IT & Infrastructure,Applications Development,908,49,886,426,2011,13488,Y
Bluejam,Asia,Chile,HR,Applications Development,263,47,913,427,2002,93091,N
Kamba,APAC,Greece,Procurement,Mainframe services,610,42,146,877,2005,13437,Y
Trupe,Asia,United States,Marketing,Applications Development,354,20,132,934,2009,80441,N
Youfeed,Asia,Japan,Consulting,Service Desk,710,14,768,469,2021,65519,N
Twitterlist,South America,United States,Administration,Applications Development & Maintenance,463,82,799,91,2001,70040,Y
Rooxo,Europe,Japan,Marketing,Service Desk,418,79,757,684,2006,61128,Y
Centidel,Asia,United States,Marketing,Applications Development & Maintenance,908,23,327,418,2019,90911,Y
Tagchat,South America,United States,HR,Applications Development,938,51,930,584,2007,45220,N
Oyoyo,Africa,United States,Administration,Applications Development & Maintenance,663,91,227,823,2007,57275,N
Yodo,Europe,United States,IT & Infrastructure,Applications Development,426,28,349,477,2020,77247,Y
Fiveclub,Asia,Chile,Procurement,Applications Development,165,100,517,455,2008,13540,Y
Cogidoo,APAC,United States,Administration,Consultation,529,2,536,851,2009,12851,N
Mynte,North America,Chile,Administration,Service Desk,520,22,398,17,2017,40385,N
Youtags,Asia,Japan,Administration,Consultation,792,88,1010,851,2021,65002,N
Avaveo,South America,United States,Administration,Applications Development & Maintenance,602,82,201,227,2004,71169,N
Zooxo,Europe,United States,Consulting,Service Desk,786,98,131,364,2015,70661,N
Voomm,Asia,Greece,Marketing,Applications Development & Maintenance,987,70,571,185,2004,52427,Y
Lazzy,South America,Japan,HR,Mainframe services,316,21,184,848,2022,49774,Y
Centizu,Asia,Japan,Procurement,Service Desk,989,18,440,154,2015,81220,Y
Gigabox,North America,Greece,IT & Infrastructure,Consultation,492,75,771,788,2017,2621,N
Chatterbridge,Asia,United States,IT & Infrastructure,Applications Development & Maintenance,295,5,796,523,2015,72661,N
Tavu,Europe,Japan,Administration,Applications Development,633,96,291,129,2017,37041,N
Voonix,Europe,Japan,HR,Applications Development,910,43,982,341,2014,47048,N
Ntags,South America,Greece,Consulting,Applications Development,744,17,76,592,2007,86988,Y
Skiptube,North America,Japan,Consulting,Applications Development,766,72,88,829,2013,20146,N
LiveZ,North America,United States,HR,Applications Development,563,93,210,933,2002,7224,Y
Zoomlounge,Europe,United States,Procurement,Consultation,128,64,260,128,2016,5621,N
Yakitri,North America,Greece,Marketing,Applications Development & Maintenance,594,39,958,928,2021,28387,N
Jabberbean,South America,United States,Marketing,Service Desk,232,33,601,353,2009,82020,N
Zooxo,South America,Japan,Procurement,Applications Development & Maintenance,155,14,874,23,2017,72525,Y
Browsedrive,North America,Japan,Consulting,Applications Development,503,64,192,276,2004,90983,Y
Talane,Africa,Greece,IT & Infrastructure,Applications Development,407,3,959,235,2017,78628,N
Tagpad,Europe,United States,Consulting,Consultation,455,25,818,147,2014,22048,Y
Aibox,Europe,Japan,Procurement,Mainframe services,845,67,766,948,2015,23257,N
Aimbu,Africa,United States,HR,Service Desk,275,30,851,622,2001,78880,N
Livetube,North America,Greece,Administration,Applications Development & Maintenance,627,3,805,870,2008,50296,Y
Mymm,APAC,Chile,HR,Consultation,339,76,380,781,2019,53513,N
Flashdog,Europe,Japan,Consulting,Service Desk,332,16,523,229,2010,27068,N
Skalith,Europe,Japan,Administration,Applications Development & Maintenance,410,4,737,273,2022,75005,N
Dabfeed,South America,United States,Marketing,Applications Development,529,61,797,682,2001,62149,Y
Leexo,Asia,United States,IT & Infrastructure,Mainframe services,518,29,501,227,2018,96077,Y
Meevee,Europe,Japan,HR,Applications Development & Maintenance,164,100,125,266,2003,39081,N
Photobug,Africa,United States,HR,Applications Development & Maintenance,161,54,685,271,2013,28800,Y
Fiveclub,Asia,United States,HR,Service Desk,507,100,969,956,2005,63394,Y
Zoombeat,Asia,Greece,Administration,Applications Development & Maintenance,906,30,92,304,2020,28662,Y
Oyondu,South America,United States,Consulting,Mainframe services,983,52,546,817,2002,41904,N
Fiveclub,APAC,United States,IT & Infrastructure,Applications Development,710,55,134,971,2006,99099,Y
Zooveo,Europe,Japan,Consulting,Applications Development,413,97,302,548,2016,25205,N
Mymm,Africa,Japan,Marketing,Service Desk,517,10,791,952,2013,48573,Y
Livetube,APAC,United States,Administration,Mainframe services,412,100,534,126,2022,82301,Y
Flashpoint,North America,Japan,IT & Infrastructure,Consultation,558,28,319,335,2015,49102,N
Camido,Asia,United States,HR,Applications Development & Maintenance,945,30,202,660,2007,76458,N
Reallinks,Africa,Greece,Marketing,Applications Development,335,4,473,69,2017,9854,N
Gabtype,Africa,Japan,Procurement,Service Desk,336,46,67,219,2000,59905,N
Cogidoo,Africa,United States,Administration,Consultation,969,90,727,814,2013,59218,Y
Zooveo,North America,United States,Administration,Service Desk,671,57,895,278,2008,9945,Y
Skimia,APAC,Japan,HR,Consultation,322,54,240,986,2022,91168,Y
Twinder,South America,Japan,Administration,Applications Development & Maintenance,582,6,62,77,2014,97315,N
Jamia,South America,United States,Procurement,Applications Development & Maintenance,762,80,870,801,2009,93335,N
Kwinu,North America,United States,Marketing,Mainframe services,763,44,259,143,2011,69850,N
Vimbo,Europe,Greece,Procurement,Applications Development & Maintenance,668,61,504,323,2003,84360,Y
Zooveo,South America,United States,Procurement,Service Desk,480,76,648,627,2017,63281,N
Npath,North America,United States,Consulting,Applications Development,498,62,81,728,2009,30269,Y
Ozu,APAC,Greece,HR,Service Desk,818,26,885,359,2020,30119,N
Ainyx,APAC,Japan,Consulting,Applications Development,540,1,127,630,2019,9735,N
Flipopia,Asia,Greece,Consulting,Service Desk,374,75,570,486,2022,88458,Y
Yoveo,North America,Greece,Marketing,Consultation,351,52,540,963,2015,93243,N
Rhyzio,Asia,Greece,Consulting,Applications Development & Maintenance,635,86,934,991,2008,72650,N
Minyx,North America,United States,Procurement,Consultation,859,70,602,692,2001,15048,N
Zoonoodle,Europe,Japan,Procurement,Applications Development & Maintenance,163,34,609,962,2013,8887,N
Fivechat,South America,United States,Procurement,Mainframe services,958,53,253,1000,2009,90467,Y
Kazu,North America,Greece,HR,Applications Development & Maintenance,790,93,784,175,2022,92170,N
Kaymbo,Asia,Japan,Procurement,Consultation,716,21,297,400,2013,34880,N
Quire,Asia,Japan,Marketing,Mainframe services,553,71,606,937,2021,77481,N
Skinix,South America,Japan,Consulting,Mainframe services,897,92,643,652,2010,83206,N
Yacero,APAC,United States,Consulting,Consultation,864,71,547,954,2004,46807,N
Aimbo,South America,United States,IT & Infrastructure,Service Desk,113,72,634,999,2015,50367,Y
Photospace,APAC,Greece,Consulting,Consultation,374,49,828,105,2016,16175,Y
Skalith,APAC,United States,Administration,Service Desk,574,31,705,331,2001,9909,N
Twitternation,Asia,Japan,Consulting,Applications Development,592,73,568,967,2013,48070,N
Kamba,Asia,Chile,Procurement,Applications Development,696,4,278,525,2011,22520,Y
Pixonyx,Europe,United States,Marketing,Applications Development & Maintenance,594,44,881,237,2011,77267,Y
Yakidoo,North America,United States,HR,Service Desk,617,76,799,56,2004,43870,Y
Yabox,Europe,Greece,Procurement,Service Desk,291,77,106,736,2021,42750,Y
Devshare,Africa,Greece,Consulting,Consultation,676,33,240,990,2004,17463,N
Realblab,South America,United States,Administration,Mainframe services,338,79,494,899,2017,37211,Y
Quinu,Europe,Chile,Marketing,Consultation,498,55,848,72,2007,52500,N
Camimbo,Europe,Chile,IT & Infrastructure,Service Desk,833,12,856,751,2006,27819,Y
Tanoodle,Asia,Japan,HR,Applications Development & Maintenance,821,46,805,261,2005,95896,Y
Zoonder,Africa,United States,IT & Infrastructure,Applications Development,142,96,175,191,2021,58164,N
Linkbridge,APAC,Japan,HR,Mainframe services,529,31,428,258,2021,20030,Y
Topicstorm,Asia,United States,Consulting,Applications Development & Maintenance,721,46,302,578,2004,98145,Y
Jaloo,Asia,United States,HR,Applications Development & Maintenance,397,84,473,640,2006,86141,Y
Roodel,Asia,Japan,Consulting,Service Desk,269,27,796,795,2015,74711,N
Shuffledrive,North America,Chile,Marketing,Applications Development & Maintenance,622,70,852,179,2004,18084,N
Demimbu,APAC,United States,HR,Applications Development,545,37,245,248,2002,39564,N
Roombo,North America,Japan,Procurement,Consultation,551,48,435,315,2011,73466,N
Fanoodle,Europe,Greece,Marketing,Consultation,122,37,619,234,2022,36292,N
Topicshots,Asia,Japan,Procurement,Mainframe services,1004,13,120,396,2012,13309,N
Mydeo,Africa,United States,Administration,Applications Development & Maintenance,918,65,244,650,2017,65156,Y
Roomm,South America,Japan,Administration,Service Desk,350,41,650,652,2021,5722,N
Twitterlist,Europe,Greece,HR,Applications Development,830,95,583,995,2007,35457,N
Plambee,Africa,Japan,HR,Consultation,193,59,884,203,2006,96362,Y
Yacero,South America,Japan,HR,Mainframe services,821,79,861,636,2019,87934,Y
Tazzy,Europe,Greece,Consulting,Consultation,920,28,663,409,2014,80400,N
Twitterbridge,Europe,Greece,Procurement,Applications Development,669,32,816,839,2015,67056,N
Voonte,North America,Greece,Procurement,Applications Development,614,50,623,609,2008,70056,Y
Flipstorm,Africa,Japan,Administration,Consultation,521,81,470,427,2008,5267,Y
Yodoo,Africa,Greece,Administration,Service Desk,332,14,616,896,2012,18154,Y
Topiclounge,North America,Greece,Marketing,Applications Development & Maintenance,231,38,734,673,2003,2773,N
Gevee,Asia,United States,Administration,Mainframe services,148,99,548,391,2022,39463,Y
Yodo,South America,United States,Marketing,Applications Development,783,93,397,782,2013,73297,N
Camido,Asia,Greece,IT & Infrastructure,Service Desk,970,57,677,438,2014,97196,Y
Quatz,Europe,United States,Procurement,Consultation,439,36,726,707,2011,87115,N
Centimia,North America,United States,IT & Infrastructure,Applications Development,423,86,548,144,2017,31950,N
Quimba,Asia,United States,IT & Infrastructure,Consultation,462,27,556,827,2014,34521,Y
Dazzlesphere,South America,United States,Marketing,Applications Development & Maintenance,293,56,840,980,2015,51729,N
Wordware,Africa,Japan,Administration,Consultation,665,15,497,663,2019,35715,N
Quatz,Europe,United States,Administration,Service Desk,472,44,747,581,2009,58664,Y
Skivee,Europe,United States,Procurement,Applications Development & Maintenance,687,27,400,137,2005,98874,N
Meetz,Asia,Greece,Consulting,Applications Development,923,85,263,623,2017,90474,Y
Twitterbeat,Africa,Japan,Marketing,Mainframe services,473,79,346,140,2012,59792,N
Trilia,South America,United States,Marketing,Mainframe services,279,88,357,90,2002,75795,Y
Fliptune,Africa,United States,HR,Mainframe services,802,18,434,674,2015,42953,Y
Muxo,Asia,United States,HR,Service Desk,951,69,290,394,2007,41684,Y
Blogtag,North America,United Kingdom,Procurement,Applications Development & Maintenance,764,48,301,523,2016,2575,N
Twimm,Africa,Greece,Marketing,Mainframe services,966,94,946,298,2019,41978,N
Shufflebeat,Europe,Japan,HR,Service Desk,911,9,598,22,2004,13721,Y
Brightbean,North America,Greece,Procurement,Consultation,613,47,296,529,2002,42378,N
Twitterwire,North America,Greece,Consulting,Applications Development & Maintenance,774,17,933,393,2005,95954,Y
Yodel,North America,United States,Procurement,Consultation,204,24,144,903,2009,92208,N
Rhynyx,Asia,United States,IT & Infrastructure,Applications Development & Maintenance,796,44,368,701,2020,76663,N
Skipstorm,Europe,Japan,Consulting,Consultation,537,72,153,747,2014,78935,N
Muxo,Africa,Japan,HR,Mainframe services,479,57,995,344,2010,93710,N
Quinu,Europe,United States,HR,Applications Development,527,46,843,342,2000,90521,Y
Kazio,North America,United States,Administration,Consultation,615,11,699,81,2008,37279,N
Lazz,Europe,Japan,Administration,Consultation,757,77,858,960,2000,21049,Y
Topicshots,APAC,Japan,Marketing,Applications Development,878,37,301,52,2013,95389,Y
Skibox,APAC,Japan,Consulting,Applications Development & Maintenance,533,8,411,789,2015,9723,Y
Blogpad,Asia,Japan,Procurement,Applications Development,305,26,281,768,2004,27096,N
Youtags,Africa,Japan,Administration,Mainframe services,159,96,983,107,2005,51596,N
Topdrive,South America,United States,HR,Mainframe services,158,35,767,570,2001,66597,Y
Meevee,South America,Greece,Procurement,Consultation,599,31,414,612,2007,25603,Y
Tavu,North America,Japan,Procurement,Consultation,306,4,585,462,2003,99811,N
Divanoodle,North America,Japan,Administration,Applications Development,235,4,725,262,2005,26961,N
Skyble,North America,Japan,HR,Applications Development & Maintenance,286,87,762,266,2002,92288,N
Wikido,North America,Japan,Procurement,Applications Development & Maintenance,115,97,669,301,2001,9036,N
Livepath,Asia,United Kingdom,HR,Consultation,772,89,984,743,2012,10237,N
Brainverse,APAC,United States,Administration,Service Desk,605,100,750,186,2009,91913,Y
Trudeo,South America,Greece,Consulting,Consultation,942,21,190,450,2007,6674,Y
Zooxo,APAC,Chile,Administration,Service Desk,330,28,945,195,2016,76466,N
Abatz,Africa,Japan,Administration,Mainframe services,595,31,711,275,2007,81943,N
Eayo,Africa,Japan,Administration,Applications Development & Maintenance,569,85,472,357,2010,77334,N
Livetube,North America,Greece,Procurement,Consultation,250,78,180,859,2010,14934,Y
Voonix,Europe,Chile,Procurement,Applications Development,532,59,528,498,2000,88250,Y
Eazzy,South America,Japan,IT & Infrastructure,Service Desk,239,39,801,629,2010,84459,Y
Topiczoom,Africa,United States,Marketing,Applications Development,545,77,425,19,2003,82983,N
Voonyx,Africa,Japan,Consulting,Applications Development & Maintenance,790,13,109,556,2019,64828,Y
Meedoo,Europe,Japan,Marketing,Consultation,438,5,677,934,2011,47067,N
Eamia,Asia,Greece,Consulting,Service Desk,855,36,257,41,2009,31982,Y
Oyondu,North America,Greece,Marketing,Applications Development,494,29,674,520,2001,11619,N
Dabjam,South America,United States,Marketing,Applications Development & Maintenance,777,12,450,859,2013,76413,N
Pixoboo,Europe,United States,Administration,Consultation,807,91,195,104,2022,33452,N
Quinu,Asia,Japan,Administration,Mainframe services,534,97,95,738,2007,26788,Y
Wikivu,Asia,United States,HR,Mainframe services,802,61,590,955,2014,74851,Y
Ntags,North America,Japan,Administration,Applications Development & Maintenance,823,15,830,938,2008,20610,Y
Meeveo,Africa,Chile,Marketing,Consultation,194,63,732,584,2008,14741,Y
Flipbug,APAC,Japan,Administration,Applications Development & Maintenance,942,45,718,703,2007,29938,N
Aibox,Europe,Japan,HR,Mainframe services,470,90,89,561,2011,85641,Y
Chatterbridge,South America,United Kingdom,Administration,Consultation,278,76,212,960,2003,15675,Y
Yakitri,Africa,Greece,IT & Infrastructure,Applications Development,985,42,608,29,2007,6505,N
Chatterbridge,Africa,United States,Administration,Applications Development & Maintenance,622,32,542,181,2007,41308,N
Babbleblab,South America,Japan,IT & Infrastructure,Consultation,857,42,707,0,2022,69597,N
Zooveo,North America,United States,IT & Infrastructure,Mainframe services,580,93,976,580,2013,99203,N
Rooxo,APAC,United States,HR,Mainframe services,808,85,402,843,2008,12603,N
Cogidoo,APAC,Japan,HR,Applications Development,614,68,976,320,2014,11175,N
Pixope,South America,Chile,Consulting,Applications Development & Maintenance,352,87,293,729,2020,54256,Y
Yombu,Asia,United States,Marketing,Service Desk,499,70,551,34,2013,30294,N
Gigabox,Asia,United States,Administration,Consultation,986,44,123,398,2013,2516,N
Bubbletube,North America,United States,Procurement,Applications Development,317,54,340,301,2018,40179,Y
Tagpad,South America,Japan,Marketing,Consultation,689,48,554,138,2001,30781,Y
Blogtag,Europe,United States,Consulting,Consultation,528,6,840,893,2016,67904,N
Photobug,Asia,United States,HR,Consultation,405,1,241,548,2001,60926,Y
Yotz,APAC,United States,HR,Applications Development & Maintenance,565,89,269,568,2005,26941,N
Livetube,Europe,United States,Marketing,Consultation,694,99,583,460,2021,66955,N
Twitterlist,Africa,Japan,IT & Infrastructure,Mainframe services,285,68,611,676,2014,65624,N
Realbridge,North America,United States,Administration,Service Desk,505,93,251,727,2015,68237,Y
Roomm,South America,Chile,Procurement,Applications Development,766,37,117,18,2001,48547,Y
Kwinu,North America,United Kingdom,Consulting,Mainframe services,557,52,561,8,2001,30628,N
Rhynyx,APAC,Greece,Consulting,Applications Development,719,53,442,53,2018,18718,Y
Izio,APAC,United States,HR,Applications Development,328,30,94,730,2021,64679,N
Quinu,Asia,Greece,Administration,Applications Development,253,8,319,573,2014,17527,Y
Tavu,North America,United States,HR,Applications Development & Maintenance,595,1,327,989,2016,70885,Y
Photobug,Europe,Japan,IT & Infrastructure,Service Desk,813,33,792,692,2004,93962,N
Dabshots,South America,Japan,Procurement,Service Desk,1009,3,846,62,2008,38530,Y
Mudo,Asia,Japan,Administration,Applications Development & Maintenance,787,7,930,860,2022,86594,Y
Camimbo,North America,Japan,Consulting,Mainframe services,313,32,202,281,2012,58931,Y
Oyoba,Asia,Japan,Consulting,Applications Development & Maintenance,126,64,979,225,2017,22991,N
Edgeclub,Africa,Japan,Administration,Applications Development & Maintenance,614,76,130,297,2017,99087,N
Quaxo,North America,Japan,HR,Applications Development,279,65,104,791,2020,96831,Y
Voomm,Africa,United States,Administration,Consultation,213,56,200,969,2009,6197,Y
Yabox,South America,United States,Administration,Service Desk,563,46,234,666,2008,52160,Y
Photospace,Asia,Greece,Procurement,Service Desk,757,78,259,754,2014,39302,N
Minyx,Europe,Japan,Administration,Applications Development & Maintenance,685,78,143,401,2004,44280,Y
Buzzdog,South America,United States,HR,Applications Development & Maintenance,998,92,561,994,2019,36633,Y
Blogtags,Africa,Japan,Consulting,Applications Development & Maintenance,869,49,829,728,2014,61742,N
Trudeo,APAC,Chile,Procurement,Applications Development,616,60,924,986,2021,37333,Y
Photofeed,Europe,United States,HR,Consultation,841,85,675,13,2003,79087,N
Kwideo,APAC,United States,HR,Consultation,560,46,580,137,2010,70837,Y
Tavu,APAC,United States,Marketing,Applications Development & Maintenance,798,14,640,396,2010,12566,Y
Divavu,Africa,United States,IT & Infrastructure,Applications Development,239,17,692,835,2007,39165,Y
Yambee,Asia,Chile,Consulting,Applications Development & Maintenance,978,55,540,526,2003,88026,N
Rhynyx,North America,United States,Procurement,Service Desk,173,10,813,481,2007,47296,Y
Browseblab,APAC,Japan,Marketing,Service Desk,119,21,547,875,2016,82703,Y
Meeveo,Europe,Japan,Marketing,Consultation,320,99,187,363,2019,60249,N
Browsezoom,South America,Chile,HR,Applications Development,747,50,615,332,2010,96674,N
Vitz,APAC,Japan,HR,Service Desk,719,85,813,693,2007,41065,Y
Wikizz,South America,Greece,HR,Consultation,636,22,725,52,2019,49570,N
Topiclounge,APAC,United States,Administration,Applications Development,142,76,541,893,2017,17419,Y
Photobean,Asia,United States,Consulting,Service Desk,955,65,530,970,2006,28884,N
Skynoodle,North America,United States,Procurement,Consultation,864,80,886,552,2001,28043,Y
Fivespan,Africa,Chile,Procurement,Service Desk,704,13,71,493,2001,41299,N
Roomm,South America,Japan,Procurement,Service Desk,490,57,625,676,2000,70882,N
Quatz,Africa,Greece,IT & Infrastructure,Applications Development,162,85,639,248,2009,64723,Y
Jabbercube,Africa,United States,IT & Infrastructure,Consultation,499,90,576,787,2002,66731,N
Layo,North America,Chile,Marketing,Applications Development,473,15,710,737,2011,49135,Y
Photolist,APAC,Greece,Marketing,Service Desk,731,59,674,140,2003,73839,Y
Devshare,APAC,United Kingdom,Procurement,Applications Development,835,63,329,896,2020,39832,N
Browsedrive,Asia,Japan,Administration,Consultation,342,37,300,408,2007,81131,Y
Snaptags,Asia,Greece,IT & Infrastructure,Consultation,708,94,910,573,2003,81259,N
Nlounge,Africa,Japan,Administration,Service Desk,965,97,190,465,2003,54476,Y
Babblestorm,APAC,United States,Marketing,Applications Development & Maintenance,881,15,242,49,2002,67051,Y
Wikibox,Europe,United States,Procurement,Applications Development & Maintenance,339,32,171,145,2012,65457,N
Mydeo,APAC,United States,Consulting,Applications Development & Maintenance,894,43,262,607,2010,7993,N
Skibox,Asia,Greece,Administration,Consultation,726,2,748,56,2014,98248,N
Thoughtbeat,North America,Chile,Administration,Service Desk,222,26,530,756,2014,83885,N
Photobug,Asia,United States,HR,Mainframe services,862,61,316,551,2021,29124,N
LiveZ,North America,United States,HR,Applications Development & Maintenance,580,95,505,603,2008,2748,Y
Divanoodle,South America,United States,Procurement,Mainframe services,805,24,771,976,2009,20920,Y
Yozio,Asia,Greece,Marketing,Applications Development,341,37,490,200,2009,9150,Y
Devbug,Africa,Japan,Marketing,Mainframe services,244,3,398,977,2018,74127,N
Gabspot,Asia,Greece,Procurement,Mainframe services,664,28,198,116,2019,95547,N
Skippad,South America,Japan,Procurement,Applications Development & Maintenance,999,71,159,539,2014,39032,Y
Leenti,APAC,Japan,HR,Mainframe services,663,18,951,195,2005,62894,Y
Skimia,South America,United States,HR,Service Desk,188,56,112,995,2012,2805,Y
Voonyx,Africa,United States,Administration,Mainframe services,314,3,453,815,2001,85396,Y
Youspan,Europe,Japan,Consulting,Applications Development,668,66,650,617,2015,55314,Y
Eidel,Asia,United States,Administration,Applications Development,242,20,1005,17,2015,25857,Y
Buzzdog,North America,Japan,IT & Infrastructure,Service Desk,943,99,714,332,2004,22755,N
Gigazoom,South America,Greece,HR,Service Desk,698,11,95,787,2005,72531,N
Flipopia,APAC,Japan,HR,Mainframe services,116,56,98,407,2017,28415,Y
Jabbertype,APAC,United States,Consulting,Consultation,921,38,843,899,2013,81742,N
Fivechat,North America,United States,Consulting,Service Desk,828,51,623,461,2014,21868,Y
Oba,Asia,United States,Marketing,Applications Development,869,14,441,522,2008,8074,Y
Wikivu,Europe,United Kingdom,HR,Applications Development,142,46,653,729,2005,61794,N
Linkbridge,Asia,Greece,IT & Infrastructure,Consultation,551,62,399,848,2012,60907,Y
Devpulse,South America,Japan,Marketing,Consultation,479,14,913,49,2003,72303,Y
Twitterwire,Europe,Greece,Procurement,Applications Development & Maintenance,531,12,682,440,2019,10959,N
Yambee,North America,Japan,Consulting,Applications Development,674,60,269,842,2016,98462,N
Kamba,South America,Greece,HR,Service Desk,575,85,828,183,2019,58209,N
Riffpath,Europe,Greece,Marketing,Mainframe services,946,58,867,704,2017,39781,Y
Jaxnation,South America,Chile,HR,Applications Development,859,4,736,547,2008,21404,N
Roodel,North America,Japan,IT & Infrastructure,Applications Development & Maintenance,579,9,153,720,2005,91769,Y
Trudoo,Asia,Japan,Administration,Applications Development,707,50,216,968,2012,15282,Y
Voolia,Europe,Japan,HR,Consultation,896,83,413,757,2003,63365,N
Dablist,Europe,Japan,Marketing,Service Desk,408,7,825,39,2004,78666,N
Skinder,Europe,United States,Administration,Service Desk,638,54,908,310,2006,19835,Y
Photobean,South America,United States,Marketing,Service Desk,204,64,957,730,2017,14893,N
Myworks,Asia,United States,Administration,Applications Development & Maintenance,391,79,476,704,2008,2561,Y
Gevee,APAC,Greece,HR,Service Desk,408,18,338,30,2014,53436,N
Skiptube,APAC,United States,Administration,Applications Development,874,51,571,494,2003,89860,Y
Eimbee,South America,United States,HR,Consultation,580,11,218,955,2004,86364,Y
Thoughtsphere,Africa,United States,IT & Infrastructure,Applications Development,611,21,78,462,2010,58269,N
Twitterwire,North America,United States,HR,Consultation,852,65,770,395,2021,8604,N
Jaxworks,Asia,United Kingdom,Consulting,Applications Development,753,44,447,699,2000,31900,N
Blogtags,Africa,Japan,Consulting,Applications Development & Maintenance,227,2,140,177,2008,100026,Y
Gigaclub,South America,Greece,Procurement,Mainframe services,830,99,974,489,2017,9566,N
Meembee,APAC,Greece,Marketing,Consultation,339,40,126,41,2013,71479,Y
Feedfire,Europe,Greece,IT & Infrastructure,Applications Development,514,26,325,160,2001,3842,N
Pixoboo,Europe,United States,HR,Mainframe services,183,62,980,675,2000,64722,N
Photospace,Europe,Japan,IT & Infrastructure,Service Desk,631,89,631,32,2022,32284,Y
Dabfeed,Europe,United States,IT & Infrastructure,Mainframe services,456,39,854,53,2019,6246,Y
Meeveo,South America,United States,Procurement,Consultation,761,26,714,733,2013,14718,Y
Livetube,APAC,United States,Procurement,Service Desk,668,92,188,430,2006,14778,N
Topdrive,South America,Greece,Marketing,Consultation,974,45,964,779,2007,43224,Y
Jabbercube,APAC,Chile,IT & Infrastructure,Service Desk,1001,8,789,657,2019,84949,N
Skimia,South America,Greece,Procurement,Applications Development & Maintenance,842,68,97,704,2013,36934,Y
Gigazoom,Asia,United States,Consulting,Applications Development,953,12,124,338,2013,30729,N
Yoveo,Europe,United States,HR,Mainframe services,752,99,832,79,2012,73802,Y
Divanoodle,APAC,United States,HR,Consultation,591,92,360,896,2022,41614,N
Dabvine,Asia,Japan,Marketing,Service Desk,451,69,536,731,2007,36445,N
Pixonyx,South America,Greece,HR,Mainframe services,258,96,487,129,2007,41981,N
Shufflebeat,Asia,United States,HR,Service Desk,384,10,306,746,2005,67231,N
Camimbo,Africa,United States,Marketing,Applications Development & Maintenance,648,56,845,623,2015,30069,N
Tagopia,Europe,Japan,HR,Applications Development & Maintenance,213,87,658,646,2001,48118,Y
Zoozzy,Europe,United States,Administration,Consultation,632,84,86,409,2003,56775,Y
Voomm,North America,United States,Procurement,Service Desk,745,36,371,641,2010,13341,Y
Thoughtworks,South America,United States,Procurement,Service Desk,566,24,476,303,2007,8470,N
Reallinks,APAC,United States,Consulting,Mainframe services,483,20,925,531,2019,58339,N
Linkbuzz,South America,Greece,IT & Infrastructure,Consultation,924,46,353,101,2010,83132,Y
Quinu,Asia,Japan,IT & Infrastructure,Consultation,219,25,784,80,2019,30604,Y
Buzzbean,APAC,United Kingdom,Consulting,Mainframe services,236,96,593,855,2000,93011,Y
Vidoo,Asia,United States,Procurement,Mainframe services,591,42,148,870,2009,40960,Y
Fivebridge,APAC,Greece,IT & Infrastructure,Applications Development & Maintenance,417,77,183,715,2001,65674,Y
Quinu,APAC,Japan,HR,Service Desk,346,85,993,89,2022,99627,Y
Babblestorm,APAC,Greece,Administration,Service Desk,515,86,389,990,2021,47215,Y
Ozu,South America,Japan,HR,Mainframe services,767,93,483,903,2010,55519,Y
Quamba,Europe,United States,Consulting,Mainframe services,509,51,187,579,2020,21785,N
Geba,Africa,United Kingdom,Procurement,Mainframe services,727,48,154,548,2020,76538,Y
Aimbu,Asia,United States,HR,Applications Development,359,38,871,873,2002,44098,Y
Yozio,Asia,Japan,Marketing,Consultation,460,4,822,919,2003,30292,Y
Kanoodle,Africa,Japan,Marketing,Service Desk,770,37,659,812,2017,15832,N
Tanoodle,APAC,United States,HR,Applications Development,567,87,222,913,2016,27842,N
Twitterwire,Africa,Japan,Marketing,Mainframe services,868,30,335,612,2020,48831,N
Twitterbridge,North America,Japan,Consulting,Consultation,233,53,63,262,2004,95947,Y
Latz,South America,Greece,Procurement,Mainframe services,348,49,533,140,2001,65459,N
Fivebridge,Africa,Japan,Marketing,Mainframe services,531,31,428,992,2017,65013,N
Mynte,Africa,United States,Consulting,Mainframe services,737,18,730,590,2012,36749,Y
Janyx,South America,United States,Administration,Applications Development & Maintenance,775,76,60,41,2014,2856,N
Flashpoint,Europe,Japan,Administration,Service Desk,719,11,789,539,2016,24207,N
Thoughtworks,Africa,Japan,Procurement,Applications Development & Maintenance,590,1,492,120,2012,95947,N
Bubblemix,South America,Greece,IT & Infrastructure,Applications Development,409,61,800,235,2020,71961,Y
Oyonder,Africa,Japan,Procurement,Applications Development,697,95,235,143,2007,6242,Y
Mynte,South America,Chile,Consulting,Applications Development,376,18,895,920,2015,98251,Y
Shuffledrive,South America,Chile,IT & Infrastructure,Mainframe services,825,30,224,758,2015,82387,Y
Vinte,Asia,United States,Consulting,Mainframe services,647,26,677,129,2016,80205,Y
Dabshots,APAC,Japan,HR,Applications Development,728,95,965,978,2018,83575,Y
Gabvine,Asia,Japan,Administration,Service Desk,454,39,418,335,2018,20489,Y
Skyndu,Africa,Japan,Marketing,Mainframe services,605,68,269,899,2014,73712,Y
Demimbu,Europe,United States,HR,Mainframe services,896,70,118,598,2002,71560,Y
Muxo,Europe,United States,IT & Infrastructure,Mainframe services,859,17,551,704,2002,25315,N
Realcube,Europe,Japan,HR,Service Desk,756,80,76,59,2019,90008,N
Eamia,North America,Japan,Procurement,Applications Development & Maintenance,919,99,374,389,2016,50754,Y
Quatz,South America,Japan,Consulting,Consultation,856,74,303,273,2017,70121,N
Kazu,South America,Japan,IT & Infrastructure,Mainframe services,920,14,487,301,2010,93823,Y
Browseblab,Africa,United States,Marketing,Consultation,771,58,928,149,2011,19814,N
Bubbletube,Africa,United States,Consulting,Consultation,599,43,777,541,2017,5682,Y
Gigaclub,APAC,United States,Procurement,Applications Development,290,52,608,3,2016,83188,Y
Dynazzy,APAC,Japan,Marketing,Mainframe services,385,96,565,863,2010,94651,N
Wikibox,APAC,Greece,Procurement,Mainframe services,767,51,88,779,2019,82812,N
Mydeo,Africa,Japan,IT & Infrastructure,Service Desk,921,34,423,707,2007,45065,N
Skyba,North America,Japan,Administration,Consultation,558,58,787,371,2011,27358,Y
Gigabox,Europe,Japan,Administration,Consultation,618,23,208,61,2012,52529,Y
Quimm,APAC,Japan,HR,Service Desk,224,97,96,487,2011,84977,Y
Riffpedia,Africa,Greece,Marketing,Mainframe services,935,28,185,977,2016,31304,N
Zoombeat,Asia,United States,Procurement,Consultation,553,77,174,992,2018,6497,Y
Rhynoodle,North America,Chile,Administration,Consultation,963,77,543,492,2005,9960,Y
Edgepulse,Europe,Greece,Marketing,Consultation,205,88,897,508,2022,5960,Y
Twitterworks,Africa,United States,IT & Infrastructure,Applications Development & Maintenance,866,2,446,352,2001,76876,N
Skajo,Asia,Japan,Administration,Mainframe services,545,36,417,442,2008,10439,Y
Vipe,Europe,United States,Consulting,Mainframe services,856,60,310,686,2006,76438,Y
Twimm,Africa,Greece,IT & Infrastructure,Applications Development & Maintenance,542,72,173,944,2011,17631,N
Einti,Africa,Greece,Marketing,Mainframe services,983,10,625,369,2018,2654,N
Rhynyx,Africa,Japan,Procurement,Applications Development,503,66,232,201,2021,6996,Y
Dynava,Africa,United States,Marketing,Consultation,909,24,542,341,2003,36507,Y
Yadel,APAC,Japan,IT & Infrastructure,Applications Development,1003,92,240,537,2019,76084,N
Leenti,APAC,United States,HR,Applications Development & Maintenance,446,25,447,425,2011,69617,N
Agimba,APAC,United States,IT & Infrastructure,Mainframe services,982,75,221,156,2008,58063,N
Mydo,Asia,Japan,Administration,Mainframe services,567,96,395,476,2014,96808,N
Eabox,Africa,Japan,Consulting,Service Desk,569,77,458,87,2006,30930,N
Podcat,North America,Greece,Marketing,Consultation,666,80,335,759,2016,9655,Y
Mynte,Africa,United States,Administration,Service Desk,397,15,120,30,2014,44832,N
Bluezoom,APAC,Greece,Consulting,Applications Development & Maintenance,990,69,867,364,2014,7036,N
Eimbee,Europe,Chile,Marketing,Applications Development,870,28,658,936,2016,45073,N
Yodo,Asia,Japan,Marketing,Mainframe services,898,3,721,513,2022,15545,N
Dynava,Europe,Greece,Administration,Service Desk,801,90,853,755,2014,73456,N
Divape,APAC,Japan,IT & Infrastructure,Mainframe services,507,99,806,891,2010,79194,Y
Flashpoint,North America,United States,HR,Applications Development & Maintenance,955,85,859,758,2007,35337,N
Feednation,APAC,Greece,Marketing,Applications Development & Maintenance,391,51,837,119,2015,35523,Y
Jaxnation,South America,Greece,HR,Service Desk,680,35,974,442,2014,71362,Y
Jayo,South America,United States,Procurement,Applications Development,788,51,421,1,2019,39978,N
Lazz,Europe,United States,Consulting,Applications Development & Maintenance,875,19,339,484,2009,40840,N
Linktype,Europe,Japan,Consulting,Applications Development & Maintenance,553,78,277,297,2001,43099,Y
Dynazzy,South America,United States,Consulting,Applications Development,362,94,1009,934,2014,32690,Y
JumpXS,North America,Chile,IT & Infrastructure,Service Desk,948,2,553,608,2018,81362,N
Quinu,South America,United States,Administration,Applications Development,211,61,367,807,2018,43102,Y
Buzzshare,South America,Japan,Consulting,Service Desk,436,7,708,786,2021,53770,Y
Brainlounge,APAC,United States,Marketing,Service Desk,959,88,73,884,2020,50019,N
Gigashots,South America,Chile,HR,Consultation,121,56,77,420,2011,21944,N
Jazzy,Europe,United States,Consulting,Service Desk,730,85,363,680,2005,28554,Y
Shuffledrive,Europe,United States,Administration,Applications Development & Maintenance,520,65,514,337,2011,55086,Y
Shuffledrive,Europe,Japan,Consulting,Consultation,794,28,269,776,2015,58910,N
Realbuzz,APAC,Japan,Consulting,Consultation,346,17,181,714,2010,47970,Y
Browsebug,North America,United States,IT & Infrastructure,Mainframe services,320,71,534,439,2010,57275,N
Abata,Asia,United States,HR,Service Desk,570,66,983,805,2000,99764,Y
Zoozzy,Europe,Greece,Administration,Applications Development,164,30,435,639,2001,24667,Y
Edgeclub,South America,Japan,Administration,Service Desk,123,43,438,340,2019,29821,Y
Flashpoint,North America,United States,Marketing,Service Desk,531,15,567,718,2015,72679,Y
Wikibox,South America,Japan,Consulting,Service Desk,249,35,535,282,2022,56735,N
Realbuzz,APAC,United States,Consulting,Mainframe services,662,1,69,622,2022,91647,Y
Fivebridge,South America,United States,Marketing,Applications Development & Maintenance,202,83,548,985,2009,72928,Y
Zoombeat,Asia,Chile,Administration,Service Desk,333,14,772,175,2001,74191,Y
Twinte,South America,United States,Consulting,Consultation,340,6,578,661,2006,25090,N
Avamm,APAC,United States,IT & Infrastructure,Mainframe services,163,57,515,42,2002,40989,N
Twitterwire,South America,United States,Marketing,Applications Development,992,60,952,33,2009,29369,Y
Voolith,APAC,Japan,Procurement,Service Desk,743,96,741,600,2004,31560,N
Thoughtmix,Africa,Japan,Consulting,Mainframe services,761,24,519,794,2006,53218,Y
Skilith,South America,Greece,Consulting,Applications Development & Maintenance,1000,8,199,851,2014,45585,Y
Feedbug,APAC,Chile,Consulting,Consultation,483,61,792,7,2022,14995,Y
Tazzy,Africa,United States,Procurement,Applications Development,743,21,1010,357,2016,63261,Y
Brainverse,North America,Greece,Marketing,Applications Development,189,65,615,565,2003,58134,Y
Eare,APAC,United States,HR,Applications Development & Maintenance,649,68,658,727,2004,4846,Y
Snaptags,Europe,Greece,HR,Applications Development & Maintenance,192,39,911,597,2021,65171,Y
Linkbuzz,North America,United States,Marketing,Applications Development & Maintenance,1008,94,707,980,2009,57113,N
Dabjam,Europe,Japan,Procurement,Service Desk,875,62,543,381,2003,74886,N
Buzzdog,South America,Greece,Procurement,Applications Development,924,1,541,268,2012,9938,N
Dynava,APAC,Japan,Procurement,Applications Development & Maintenance,115,79,504,631,2008,58883,Y
Zava,Europe,Japan,Procurement,Applications Development & Maintenance,591,19,870,389,2001,58956,Y
Skivee,Europe,United States,Administration,Applications Development & Maintenance,414,79,264,540,2013,84221,N
Kwideo,Africa,Japan,IT & Infrastructure,Applications Development & Maintenance,405,72,752,883,2007,67224,Y
Innojam,Asia,United States,IT & Infrastructure,Consultation,673,48,896,242,2003,31984,Y
Vipe,South America,Japan,HR,Mainframe services,717,100,595,432,2006,57205,Y
Zoomdog,Asia,United States,HR,Applications Development,881,19,138,326,2021,47231,Y
Kaymbo,Europe,Greece,Procurement,Applications Development & Maintenance,185,17,500,785,2009,19308,Y
Devify,Asia,Japan,IT & Infrastructure,Applications Development,587,95,294,427,2019,3217,N
Minyx,South America,Japan,Administration,Applications Development & Maintenance,445,54,232,352,2014,80788,N
Thoughtmix,Asia,United States,HR,Applications Development & Maintenance,985,13,300,318,2012,46889,Y
Dynava,Africa,Greece,IT & Infrastructure,Service Desk,237,57,212,295,2014,41538,Y
Ailane,North America,United Kingdom,IT & Infrastructure,Consultation,634,23,596,1,2008,3313,N
Viva,North America,Japan,Procurement,Mainframe services,185,87,634,715,2020,78413,N
Dabfeed,North America,Greece,Administration,Consultation,156,98,129,97,2020,30021,Y
Eare,Africa,Japan,HR,Applications Development & Maintenance,482,68,737,419,2018,65708,N
Gigashots,Asia,Greece,Procurement,Service Desk,295,95,947,135,2006,74207,N
Dablist,Europe,Greece,Procurement,Mainframe services,571,57,599,702,2003,38695,N
Dablist,South America,United States,Procurement,Service Desk,990,39,530,904,2003,58446,N
Flipopia,North America,Greece,Procurement,Applications Development,392,4,791,341,2019,91827,Y
Rhycero,South America,United States,HR,Mainframe services,884,97,174,51,2000,7283,Y
Rhyloo,South America,Greece,Marketing,Service Desk,607,67,94,768,2012,56426,Y
Zoovu,Europe,Japan,Administration,Applications Development & Maintenance,924,43,175,40,2005,99381,N
Tagfeed,North America,Japan,Consulting,Applications Development,780,2,256,688,2007,12875,N
Tagpad,South America,United States,Procurement,Consultation,676,62,900,138,2006,97902,Y
Kimia,APAC,Japan,Administration,Applications Development & Maintenance,969,58,989,267,2007,43175,N
Oodoo,Asia,Greece,Consulting,Applications Development & Maintenance,209,36,180,727,2008,63687,Y
Mycat,Europe,United States,Marketing,Service Desk,651,17,296,86,2009,70996,N
Quimba,APAC,United States,Administration,Applications Development & Maintenance,755,20,612,214,2013,13726,Y
Eare,North America,Greece,Administration,Consultation,277,37,573,108,2011,4295,N
Trudoo,Africa,Greece,Procurement,Applications Development & Maintenance,985,66,999,500,2000,67364,N
Mymm,South America,Greece,IT & Infrastructure,Applications Development,816,81,851,179,2016,65624,Y
Tagopia,Europe,Japan,Administration,Applications Development & Maintenance,227,68,923,114,2003,23686,Y
Dabfeed,Europe,Japan,HR,Applications Development & Maintenance,614,98,575,602,2007,92503,Y
Voolith,APAC,Greece,HR,Mainframe services,902,56,899,583,2012,98756,N
Wikizz,South America,United States,HR,Applications Development & Maintenance,805,67,96,64,2008,5972,Y
Gigashots,Africa,United States,Marketing,Applications Development & Maintenance,557,23,78,630,2008,55497,Y
Katz,Asia,United States,Marketing,Mainframe services,507,46,725,253,2007,21615,N
Roombo,North America,United Kingdom,IT & Infrastructure,Applications Development,166,30,341,785,2011,38606,Y
Twitterwire,Asia,Greece,IT & Infrastructure,Consultation,913,89,855,253,2020,27660,Y
Skippad,North America,Chile,IT & Infrastructure,Mainframe services,309,68,523,111,2021,15319,Y
Meevee,South America,United Kingdom,Consulting,Service Desk,623,85,760,982,2015,34749,Y
Wordify,Africa,United States,Administration,Mainframe services,453,69,849,243,2010,82761,Y
Skimia,Africa,United States,Procurement,Applications Development,835,90,156,515,2011,36368,Y
Oyoyo,APAC,Japan,HR,Applications Development & Maintenance,782,24,825,517,2015,64368,Y
InnoZ,Africa,United States,HR,Mainframe services,199,64,970,545,2016,89710,Y
Bubbletube,Asia,Greece,Administration,Applications Development & Maintenance,277,69,376,249,2013,93769,N
Skynoodle,Europe,United States,Marketing,Consultation,823,93,841,934,2018,34768,Y
Oyoloo,South America,Japan,Procurement,Consultation,988,44,671,130,2020,80692,Y
Devbug,Africa,Japan,Procurement,Consultation,220,7,881,329,2011,31229,Y
Linkbuzz,North America,Japan,HR,Mainframe services,325,85,1006,821,2012,27657,N
Ozu,Europe,Greece,Consulting,Applications Development & Maintenance,917,29,372,549,2013,57943,Y
Feednation,South America,Greece,Procurement,Consultation,295,5,894,409,2007,92068,Y
Omba,South America,United States,Consulting,Mainframe services,530,91,898,85,2000,76493,N
Photobug,North America,Japan,Marketing,Applications Development & Maintenance,747,34,308,538,2013,2743,Y
Gigazoom,North America,United States,Procurement,Mainframe services,458,81,400,785,2006,14587,N
Skaboo,Africa,Greece,Marketing,Consultation,168,3,941,779,2009,20104,N
Yabox,APAC,Greece,Consulting,Mainframe services,341,28,143,234,2015,46124,N
Yodel,Asia,United States,Consulting,Service Desk,313,71,1005,807,2013,18320,Y
Dynazzy,North America,United States,IT & Infrastructure,Service Desk,336,19,86,69,2004,12848,N
Tagcat,Africa,Greece,Procurement,Service Desk,865,17,234,293,2022,65263,N
Nlounge,Asia,United States,IT & Infrastructure,Applications Development & Maintenance,242,59,925,515,2016,35947,N
Browsecat,Europe,Chile,HR,Service Desk,878,85,211,872,2004,83878,Y
Feedfish,Asia,Japan,Consulting,Mainframe services,300,75,573,376,2009,22544,Y
Realmix,Europe,United States,Marketing,Consultation,226,37,342,118,2001,35388,N
Viva,South America,Japan,IT & Infrastructure,Consultation,312,81,188,839,2019,16892,N
Tavu,North America,Japan,HR,Applications Development,874,7,994,968,2021,9190,Y
Miboo,South America,United States,IT & Infrastructure,Applications Development,465,5,230,798,2010,4124,Y
Latz,Africa,United States,HR,Service Desk,964,17,143,621,2003,34670,N
Fatz,Europe,Japan,IT & Infrastructure,Mainframe services,350,4,405,566,2003,45431,N
Plajo,North America,Chile,Consulting,Applications Development,558,84,287,871,2021,94312,Y
Eayo,Europe,Japan,Administration,Consultation,552,69,756,440,2022,22337,N
Avamba,North America,United States,HR,Applications Development,353,1,893,454,2014,12568,N
Lajo,South America,Chile,Marketing,Applications Development,495,13,480,547,2013,48802,N
Tagfeed,Africa,Japan,Consulting,Applications Development & Maintenance,647,68,519,615,2021,82627,Y
Twitternation,Europe,United States,Administration,Consultation,217,15,577,705,2012,35861,N
Dynava,Asia,Japan,Consulting,Mainframe services,909,38,440,796,2021,73209,N
Jaxbean,North America,United States,HR,Applications Development,342,15,624,313,2003,22104,N
Kwideo,Europe,United States,Marketing,Consultation,608,2,469,255,2002,29153,Y
DabZ,Africa,Greece,HR,Service Desk,124,5,552,62,2014,83325,Y
Quatz,Africa,United States,IT & Infrastructure,Consultation,300,46,170,289,2017,93364,Y
Devbug,APAC,Japan,Marketing,Applications Development,661,80,672,526,2013,38269,Y
Roombo,APAC,Japan,IT & Infrastructure,Applications Development,639,28,975,521,2016,37619,N
Dablist,APAC,United States,Marketing,Service Desk,855,92,1003,296,2003,69789,Y
Vitz,Asia,Japan,Consulting,Applications Development & Maintenance,113,27,295,952,2012,68384,Y
Dazzlesphere,Europe,Japan,Procurement,Service Desk,608,32,171,233,2018,36667,Y
Minyx,Europe,United States,IT & Infrastructure,Applications Development,751,50,592,874,2016,63046,N
Ntags,Africa,United States,HR,Mainframe services,565,82,215,525,2007,71200,N
Riffpath,North America,Greece,Procurement,Mainframe services,480,14,68,993,2008,21914,N
Voolith,Europe,United States,HR,Consultation,238,22,592,733,2007,53536,Y
Photojam,Africa,United States,Administration,Applications Development & Maintenance,678,26,892,583,2015,61559,Y
Rhybox,South America,Japan,Procurement,Applications Development,660,55,332,864,2015,95067,Y
Topiclounge,Asia,Greece,Marketing,Applications Development & Maintenance,1008,62,452,333,2017,24785,Y
Yodoo,Africa,United States,Marketing,Mainframe services,861,69,523,701,2006,19010,Y
Browsebug,Asia,Japan,Consulting,Applications Development,455,60,763,258,2000,64478,Y
Trudeo,North America,United States,HR,Applications Development,128,9,352,944,2005,6824,Y
Feednation,North America,United States,Consulting,Service Desk,379,83,661,131,2011,32031,Y
Topicblab,South America,Greece,Administration,Applications Development & Maintenance,953,3,515,474,2019,29233,Y
Edgeclub,South America,United States,Administration,Applications Development,130,43,315,181,2010,74441,Y
Omba,Asia,Japan,Marketing,Consultation,650,11,344,199,2014,9912,Y
Linkbuzz,North America,Japan,Administration,Mainframe services,995,91,983,942,2017,67495,N
Rhyzio,Europe,Japan,HR,Service Desk,468,99,307,137,2012,35779,N
Digitube,South America,United States,Procurement,Applications Development & Maintenance,834,73,796,262,2005,26172,Y
Zoonoodle,APAC,Japan,Procurement,Consultation,539,15,887,23,2003,48935,N
Quinu,Africa,Greece,Procurement,Consultation,793,88,458,370,2006,96013,Y
Babbleopia,North America,United Kingdom,IT & Infrastructure,Applications Development,560,34,238,672,2004,25947,Y
Pixoboo,APAC,Japan,IT & Infrastructure,Service Desk,677,65,443,984,2022,39976,N
Dynabox,APAC,United States,IT & Infrastructure,Consultation,409,63,295,409,2021,97857,N
Ailane,Asia,Japan,Procurement,Mainframe services,968,31,492,361,2012,97105,N
Teklist,APAC,Japan,Procurement,Applications Development,243,94,488,908,2007,26660,Y
Topicstorm,South America,Japan,Administration,Mainframe services,643,82,772,788,2022,79375,Y
Flashpoint,Africa,Japan,Administration,Applications Development,398,90,884,110,2004,72472,Y
Edgeblab,Europe,Japan,Administration,Applications Development,585,12,491,480,2007,80548,Y
Jaxworks,Asia,Japan,HR,Mainframe services,442,98,854,941,2022,2698,N
Vimbo,APAC,United States,IT & Infrastructure,Mainframe services,931,24,324,740,2004,85299,N
Twiyo,APAC,Chile,HR,Mainframe services,123,33,498,138,2018,81401,N
Thoughtsphere,South America,Greece,Marketing,Applications Development,342,94,755,741,2008,53527,Y
Linklinks,Africa,Greece,Administration,Consultation,117,76,304,944,2021,22367,N
Livefish,APAC,Japan,Administration,Applications Development & Maintenance,940,56,629,987,2008,96719,Y
Jatri,APAC,Japan,Consulting,Applications Development,682,45,699,692,2010,2706,N
Realfire,North America,Japan,Administration,Applications Development,306,17,947,922,2004,32302,N
Digitube,Asia,United States,IT & Infrastructure,Applications Development,575,92,811,2,2018,40070,Y
Brainsphere,APAC,United States,HR,Consultation,677,50,662,597,2005,77929,Y
Eadel,Europe,Japan,IT & Infrastructure,Consultation,479,90,403,482,2017,42291,N
Tagpad,Europe,United States,Administration,Mainframe services,394,16,752,742,2020,56280,Y
Avamba,APAC,United States,HR,Applications Development & Maintenance,768,84,156,437,2001,56664,Y
Jabbersphere,South America,Greece,Procurement,Consultation,271,100,286,484,2012,15348,N
Skidoo,North America,Japan,Consulting,Applications Development,425,61,318,35,2006,94828,N
Zooxo,Africa,Japan,IT & Infrastructure,Applications Development & Maintenance,639,21,128,628,2004,15461,N
Kamba,North America,Greece,HR,Service Desk,383,74,164,253,2019,54087,Y
Skibox,Europe,Japan,Administration,Service Desk,200,26,835,979,2008,22116,N
Fatz,South America,United States,Consulting,Service Desk,730,48,612,241,2020,18633,N
Skiba,North America,United States,Marketing,Applications Development & Maintenance,807,91,386,437,2001,40407,N
Thoughtstorm,APAC,United States,Marketing,Applications Development,470,97,345,635,2004,83155,Y
Ntags,Europe,Japan,IT & Infrastructure,Applications Development & Maintenance,957,10,713,18,2021,74466,N
Dabfeed,South America,United States,HR,Mainframe services,265,52,718,647,2000,7187,N
Skinder,Europe,Greece,Procurement,Consultation,615,76,770,556,2014,8899,Y
Trudeo,APAC,United States,Administration,Applications Development,212,53,878,853,2007,90649,Y
Jetwire,Europe,Japan,Consulting,Mainframe services,516,84,187,135,2020,71698,Y
Mynte,APAC,Greece,Administration,Applications Development,707,49,350,168,2006,43965,Y
Snaptags,South America,United States,Marketing,Applications Development,949,48,948,492,2014,51808,Y
Jetwire,Africa,Greece,Procurement,Mainframe services,789,82,943,582,2001,48459,Y
Topiclounge,Europe,Japan,Procurement,Consultation,586,80,224,447,2022,39197,N
Wikivu,North America,Greece,HR,Service Desk,462,79,71,706,2020,2588,N
Meedoo,North America,United Kingdom,Consulting,Service Desk,692,38,904,750,2002,60365,Y
Reallinks,Europe,Chile,IT & Infrastructure,Consultation,857,67,412,916,2013,63276,Y
Youopia,Europe,Chile,Procurement,Consultation,767,32,351,742,2000,44865,Y
Edgeclub,South America,Japan,Administration,Applications Development,641,66,752,862,2013,99962,N
Voonix,South America,Japan,Administration,Consultation,889,100,99,732,2017,95897,Y
Jaxbean,South America,United States,Procurement,Service Desk,714,4,701,210,2019,50759,Y
Yozio,Asia,Japan,Consulting,Applications Development,592,50,559,983,2001,74580,Y
Skyba,Europe,United States,Marketing,Applications Development & Maintenance,673,43,380,684,2003,4449,Y
Riffpedia,APAC,United States,Administration,Applications Development,1000,100,999,987,2021,38644,Y
Dazzlesphere,South America,United States,HR,Applications Development & Maintenance,215,26,106,6,2022,2670,N
Trunyx,North America,Chile,IT & Infrastructure,Applications Development & Maintenance,730,33,590,196,2007,49806,N
Demimbu,Asia,United States,HR,Applications Development,168,49,842,185,2001,2160,N
Topicshots,South America,Japan,HR,Consultation,644,56,261,861,2008,92677,Y
Roomm,South America,Japan,Administration,Mainframe services,166,14,509,592,2014,39761,Y
Rhycero,South America,United States,Administration,Mainframe services,401,7,178,954,2010,55667,N
Meevee,Europe,United States,Consulting,Applications Development,630,21,115,234,2016,86424,Y
Dynabox,North America,Japan,Administration,Service Desk,225,49,343,277,2022,55455,N
Skyba,South America,Greece,HR,Applications Development & Maintenance,454,9,706,811,2006,72988,Y
Jabbersphere,Asia,Japan,HR,Consultation,933,35,489,977,2006,73313,N
Babblestorm,Africa,Greece,Administration,Service Desk,693,95,639,62,2016,8249,N
Latz,Europe,Greece,IT & Infrastructure,Mainframe services,566,8,84,166,2003,32821,Y
DabZ,Europe,United States,HR,Service Desk,194,91,1003,557,2017,23093,N
Wordware,Africa,Japan,IT & Infrastructure,Service Desk,729,35,960,89,2014,93117,N
Jaxbean,North America,Greece,HR,Service Desk,1004,79,523,42,2012,46193,N
Rhynyx,South America,Greece,Consulting,Service Desk,616,67,833,833,2015,50241,N
Eare,Africa,Japan,HR,Consultation,568,78,965,777,2022,23345,N
Yotz,Asia,United States,HR,Applications Development & Maintenance,205,83,686,794,2011,78600,N
Feedmix,Africa,Greece,IT & Infrastructure,Consultation,593,79,497,498,2005,33546,Y
Eazzy,Asia,Greece,Administration,Applications Development & Maintenance,310,7,932,371,2004,52291,Y
Kazio,Europe,Greece,Procurement,Applications Development,926,36,734,769,2014,66613,N
Flashdog,APAC,United States,Procurement,Mainframe services,228,40,489,426,2001,30955,N
Fivechat,APAC,Greece,Administration,Mainframe services,535,27,750,281,2014,22911,N
Trupe,Europe,United States,HR,Mainframe services,556,26,764,63,2004,5383,Y
Bubblemix,Europe,Chile,Consulting,Applications Development,215,61,149,938,2009,20696,Y
Voonix,North America,United States,IT & Infrastructure,Applications Development & Maintenance,427,99,743,587,2016,22947,Y
Youbridge,Asia,United Kingdom,Administration,Consultation,940,69,569,735,2021,4121,Y
Ntags,APAC,Greece,IT & Infrastructure,Applications Development,809,14,983,768,2007,32252,N
Fatz,Asia,United States,Administration,Consultation,993,10,146,750,2004,64672,N
Kimia,Africa,Japan,IT & Infrastructure,Service Desk,269,91,127,445,2016,75534,Y
Thoughtmix,Africa,United States,IT & Infrastructure,Applications Development & Maintenance,579,73,577,469,2022,49191,N
Skimia,Asia,Japan,Administration,Applications Development & Maintenance,312,16,925,650,2016,94049,N
Zooxo,Europe,United States,Procurement,Service Desk,953,45,379,602,2020,35278,Y
Tanoodle,Africa,Japan,Consulting,Consultation,595,64,849,6,2019,96788,Y
Tekfly,Asia,Greece,Consulting,Service Desk,348,41,327,323,2015,5048,Y
Ailane,South America,Japan,HR,Applications Development & Maintenance,833,49,311,187,2017,77690,Y
Tazzy,APAC,Greece,Marketing,Service Desk,1007,86,74,886,2020,85653,Y
Kayveo,North America,Japan,Marketing,Applications Development,900,23,996,755,2006,46702,N
Lazzy,Asia,United States,HR,Service Desk,615,30,834,227,2014,98861,N
Browsetype,South America,Japan,IT & Infrastructure,Service Desk,256,86,945,737,2000,33939,Y
Oyonder,South America,Greece,Consulting,Applications Development & Maintenance,907,39,871,343,2010,83911,Y
Oyope,APAC,Japan,Consulting,Applications Development & Maintenance,912,43,538,896,2021,2591,Y
Devcast,South America,Japan,Marketing,Applications Development & Maintenance,641,43,494,773,2005,28814,Y
Zoovu,Asia,Japan,HR,Consultation,938,97,248,81,2022,7216,Y
Shuffletag,North America,Japan,Marketing,Service Desk,922,78,706,345,2020,59917,N
Gabtype,North America,United States,Consulting,Applications Development & Maintenance,492,28,170,510,2021,93845,N
Blognation,Africa,United States,Procurement,Applications Development,901,31,990,537,2008,94747,Y
Katz,Europe,Chile,Consulting,Applications Development,824,55,462,706,2001,48101,Y
Thoughtblab,APAC,United States,Marketing,Consultation,283,16,75,729,2005,20623,N
Voolia,APAC,Japan,Procurement,Applications Development,461,24,999,129,2016,24479,Y
Eazzy,Asia,Greece,Marketing,Service Desk,956,32,296,845,2022,63980,Y
Photolist,South America,United Kingdom,HR,Mainframe services,185,9,471,167,2022,28227,N
Thoughtbridge,North America,Japan,Procurement,Service Desk,900,49,235,186,2019,65053,N
Meevee,Asia,Japan,Procurement,Mainframe services,919,26,217,473,2013,6976,N
Babblestorm,North America,Greece,HR,Service Desk,815,63,576,25,2017,37194,Y
Kare,Africa,Japan,Administration,Mainframe services,339,54,897,209,2022,70290,Y
Skibox,APAC,Japan,Procurement,Consultation,761,32,872,980,2010,32053,Y
Skiptube,Europe,Japan,IT & Infrastructure,Mainframe services,934,30,236,336,2005,89806,N
Photofeed,Africa,Japan,Marketing,Applications Development & Maintenance,456,5,795,457,2017,41763,Y
Blognation,Africa,Japan,Consulting,Consultation,621,5,807,430,2016,47367,N
Jaxnation,North America,United States,Administration,Consultation,596,46,710,757,2015,56267,Y
Quatz,Asia,United States,Procurement,Applications Development & Maintenance,446,22,971,751,2001,84713,N
Reallinks,Africa,Japan,Consulting,Applications Development,169,66,785,860,2017,63418,N
Topicstorm,Asia,United States,IT & Infrastructure,Applications Development & Maintenance,218,54,99,259,2014,84447,N
Ailane,Africa,United States,IT & Infrastructure,Service Desk,147,43,689,307,2010,99589,Y
Jetwire,APAC,United States,Consulting,Service Desk,834,60,291,20,2009,21496,N
Buzzbean,Asia,Japan,Consulting,Applications Development & Maintenance,528,1,770,952,2011,46597,N
Brainlounge,North America,United States,Consulting,Mainframe services,548,59,127,362,2020,70723,Y
Pixoboo,South America,United States,Consulting,Applications Development,414,23,92,95,2002,16891,Y
Nlounge,Europe,Greece,Procurement,Mainframe services,934,38,821,817,2020,48992,Y
Pixonyx,South America,Japan,Administration,Mainframe services,625,48,898,200,2013,58537,Y
Fivespan,South America,United Kingdom,Procurement,Consultation,299,34,110,99,2016,83435,Y
Mycat,North America,Japan,Administration,Applications Development & Maintenance,179,71,75,919,2014,8339,Y
Brainverse,Asia,United States,IT & Infrastructure,Mainframe services,637,56,486,818,2021,54833,N
Babbleblab,Europe,Greece,IT & Infrastructure,Mainframe services,546,23,932,702,2001,58981,Y
Edgeify,APAC,United States,HR,Mainframe services,118,96,469,875,2020,44059,N
Zazio,South America,Japan,IT & Infrastructure,Mainframe services,536,2,813,912,2016,83525,N
Riffwire,Asia,Japan,Administration,Mainframe services,508,53,123,762,2016,53872,Y
Linktype,Africa,Chile,IT & Infrastructure,Applications Development,267,45,131,74,2009,52826,N
Realcube,Asia,United States,IT & Infrastructure,Consultation,871,34,509,557,2007,74949,Y
Wikivu,APAC,Japan,Consulting,Mainframe services,957,69,983,229,2005,18746,Y
Skipstorm,APAC,Greece,Procurement,Applications Development & Maintenance,158,96,804,58,2000,21878,N
Photospace,South America,Japan,Consulting,Applications Development,428,50,799,293,2022,7305,Y
Trupe,Asia,United States,Administration,Mainframe services,951,39,880,319,2002,10156,Y
Skipfire,Asia,Japan,Consulting,Consultation,256,80,576,460,2014,58174,N
Zoomlounge,Europe,Greece,Administration,Applications Development,762,53,718,704,2016,53583,N
Dablist,North America,Japan,Marketing,Mainframe services,983,74,446,317,2014,45716,N
Tambee,Europe,United Kingdom,IT & Infrastructure,Applications Development,551,36,655,64,2012,35297,N
Thoughtworks,APAC,United States,Administration,Mainframe services,304,82,454,915,2001,23389,N
JumpXS,APAC,Japan,Procurement,Consultation,434,22,216,188,2022,83448,N
Buzzdog,North America,United States,Administration,Applications Development,502,57,725,558,2015,69316,N
Jabberstorm,South America,Chile,Administration,Consultation,174,44,993,123,2005,94978,Y
Edgewire,Asia,United States,Procurement,Applications Development & Maintenance,745,68,545,680,2021,21758,N
Fliptune,Africa,United States,Marketing,Applications Development,377,91,544,829,2011,76876,Y
Quatz,South America,Greece,Consulting,Applications Development & Maintenance,373,35,681,715,2014,41010,N
Gabtype,Europe,Chile,HR,Applications Development & Maintenance,849,45,449,502,2005,21531,Y
Eire,Africa,Chile,HR,Consultation,111,84,133,114,2008,31605,Y
Wordware,South America,Japan,Consulting,Service Desk,562,96,912,150,2004,99740,Y
Abatz,North America,United States,HR,Applications Development & Maintenance,709,54,941,261,2013,35102,Y
Yoveo,North America,United States,Administration,Applications Development,272,90,572,531,2019,5694,N
Izio,South America,Japan,Marketing,Mainframe services,689,39,612,496,2007,34019,Y
Kaymbo,Europe,Japan,HR,Applications Development & Maintenance,433,48,557,635,2006,92301,Y
Pixope,Africa,Greece,Marketing,Service Desk,947,40,401,274,2008,45480,N
Vipe,North America,United States,Administration,Applications Development & Maintenance,664,57,678,92,2011,91496,N
Buzzster,North America,Japan,HR,Applications Development,450,31,590,924,2001,17787,N
Skyba,Asia,Greece,IT & Infrastructure,Applications Development,454,49,815,6,2005,73659,Y
Skinix,South America,United States,HR,Service Desk,520,10,370,404,2010,37220,N
Blogtags,Asia,Japan,Marketing,Service Desk,372,74,913,593,2015,59297,Y
Quimba,North America,Chile,Marketing,Applications Development & Maintenance,297,81,809,439,2017,6739,Y
Thoughtstorm,Europe,Japan,HR,Consultation,213,70,88,213,2001,37519,N
Agivu,Europe,Japan,Procurement,Service Desk,786,25,199,816,2008,40658,N
JumpXS,Asia,Japan,Marketing,Consultation,564,6,689,305,2015,98157,N
Thoughtstorm,APAC,United States,Administration,Applications Development,906,35,806,45,2000,20398,N
Ntags,North America,United States,Administration,Applications Development & Maintenance,371,63,317,282,2019,82129,Y
Zoovu,APAC,Japan,HR,Applications Development,701,44,389,234,2018,90747,Y
Gigabox,Asia,United States,Administration,Applications Development & Maintenance,124,65,145,625,2005,44295,Y
Cogibox,Europe,Greece,Consulting,Applications Development,1003,86,179,640,2009,23698,Y
Devshare,APAC,Chile,IT & Infrastructure,Consultation,760,39,446,914,2020,67228,Y
Riffpedia,North America,United States,Consulting,Service Desk,413,82,407,4,2000,35648,N
Gabcube,Asia,Japan,HR,Applications Development,771,4,806,92,2020,60391,N
Twitterlist,South America,United States,Procurement,Applications Development & Maintenance,635,33,954,784,2009,62900,Y
Geba,APAC,Chile,Consulting,Mainframe services,168,69,67,728,2011,58216,N
Centizu,South America,Japan,Administration,Consultation,166,1,998,61,2006,31297,Y
Youtags,North America,Japan,Administration,Applications Development & Maintenance,840,49,613,345,2008,53195,N
Dabshots,Africa,Greece,Marketing,Mainframe services,153,3,1001,413,2020,72015,N
