Supplier Name,Region,Country,Function,Services,Avg. Cost($),Rating,AverageDeliveryTime,NumberofEscalations,Year,Resources,Selected_Flag
Brainlounge,Asia,China,Procurement,Applications Development,464,100,894,276,2017,64346,Y
Yodel,Asia,India,Marketing,Consultation,833,99,544,0,2008,55991,Y
Riffpath,Asia,China,Marketing,Applications Development & Maintenance,576,100,733,487,2003,25199,Y
Wikivu,Asia,Afghanistan,Consulting,Consultation,924,100,759,331,2018,55810,N
Fivespan,Asia,China,HR,Service Desk,199,37,81,820,2018,100088,Y
Tambee,Asia,China,Marketing,Mainframe services,680,100,217,583,2004,4733,Y
Edgepulse,Asia,China,IT & Infrastructure,Consultation,522,68,60,348,2007,65850,N
Feedfish,Asia,China,HR,Applications Development & Maintenance,558,91,60,442,2004,41741,N
Jatri,Asia,China,IT & Infrastructure,Mainframe services,541,100,868,435,2016,91381,Y
