Supplier Name,Selected Flag
Eadel,Y
Dynabox,Y
Eimbee,Y
Zoovu,Y
Youtags,Y
Buzzshare,Y
Meevee,Y
Zoozzy,Y
Flashdog,Y
Browsetype,Y
Lazzy,Y
Skinte,Y
Wikibox,Y
Rhyloo,Y
Oba,Y
Youtags,Y
Linkbuzz,Y
Mydeo,Y
Flashpoint,Y
Youtags,Y
Fiveclub,Y
Blogtags,Y
Eidel,Y
Blogpad,Y
Skinix,Y
Thoughtbridge,Y
Topiczoom,Y
Dabfeed,Y
Oloo,Y
Jabberstorm,Y
Oba,Y
Twitterwire,Y
Shufflester,Y
Aibox,Y
Gabtune,Y
Janyx,Y
Abatz,Y
Jaxnation,Y
Abata,Y
Yambee,Y
Innojam,Y
Kare,Y
Digitube,Y
Minyx,Y
Tagchat,Y
Linkbridge,Y
Quamba,Y
Lazzy,Y
Yacero,Y
Zoomlounge,Y
Jabbersphere,Y
Topiczoom,Y
Izio,Y
Kazio,Y
Vipe,Y
Avavee,Y
Jaxnation,Y
LiveZ,Y
Demizz,Y
Centizu,Y
Camimbo,Y
Dabtype,Y
Skilith,Y
Youspan,Y
Trudeo,Y
Meedoo,Y
Gevee,Y
Kazio,Y
Zoombeat,Y
Gabcube,Y
Buzzster,Y
BlogXS,Y
InnoZ,Y
Ailane,Y
Kwimbee,Y
Camimbo,Y
Thoughtstorm,Y
Agivu,Y
Wordware,Y
Youfeed,Y
Divavu,Y
Vipe,Y
Rhynyx,Y
Twitterwire,Y
Browsezoom,Y
Tagtune,Y
Twimbo,Y
Avaveo,Y
Skyba,Y
Topdrive,Y
Babblestorm,Y
Riffpath,Y
Voolith,Y
Skinte,Y
Flipopia,Y
Babblestorm,Y
Zooveo,Y
Fivespan,Y
Yakitri,Y
Zoovu,Y
Voomm,Y
Devbug,Y
Twitterbeat,Y
Riffpath,Y
Demizz,Y
Minyx,Y
Thoughtmix,Y
Thoughtstorm,Y
Zoozzy,Y
Gigazoom,Y
Rhyzio,Y
Oyope,Y
Topiclounge,Y
Yombu,Y
Topicstorm,Y
Skinte,Y
Kazu,Y
Gabcube,Y
Muxo,Y
Feedmix,Y
Fatz,Y
Skivee,Y
Quinu,Y
Podcat,Y
Buzzdog,Y
Skalith,Y
Realbridge,Y
Eamia,Y
Miboo,Y
Zoomdog,Y
Feedmix,Y
Youfeed,Y
Twitterbridge,Y
Devify,Y
Leenti,Y
Skipstorm,Y
Quatz,Y
Pixonyx,Y
Oloo,Y
Youopia,Y
Zooxo,Y
Gabvine,Y
Mycat,Y
Photobug,Y
Feedfire,Y
Mudo,Y
Gigabox,Y
Avaveo,Y
Tagtune,Y
Brightdog,Y
Plambee,Y
Aibox,Y
Zoomzone,Y
Trilith,Y
Feedspan,Y
Dynabox,Y
Kamba,Y
Tagpad,Y
Tambee,Y
Lazz,Y
Npath,Y
Voonder,Y
Kwilith,Y
Dynava,Y
Ntag,Y
Wikizz,Y
Lajo,Y
Riffpedia,Y
Kayveo,Y
Browsebug,Y
Meemm,Y
Realblab,Y
Quimba,Y
Aimbu,Y
Shufflester,Y
Topicware,Y
Twinder,Y
Dynabox,Y
Babbleset,Y
Leenti,Y
Zooveo,Y
Thoughtbridge,Y
Janyx,Y
Skiba,Y
Kimia,Y
Viva,Y
Photojam,Y
Yodoo,Y
Zooxo,Y
Rhynoodle,Y
Gevee,Y
Thoughtstorm,Y
Lazzy,Y
Avaveo,Y
Thoughtblab,Y
Mynte,Y
Roodel,Y
Skalith,Y
BlogXS,Y
Yodo,Y
Plajo,Y
Jaxbean,Y
Yakidoo,Y
Blogtags,Y
Vidoo,Y
Wikivu,Y
Omba,Y
Thoughtbridge,Y
Flipstorm,Y
Npath,Y
Thoughtworks,Y
Mynte,Y
Mymm,Y
Twinte,Y
Oyoba,Y
Myworks,Y
Oozz,Y
Photobug,Y
Tagpad,Y
Flashspan,Y
Jabbertype,Y
Zoombox,Y
Eayo,Y
Twinte,Y
Feedmix,Y
Feedfish,Y
Yadel,Y
Fivechat,Y
Camido,Y
Skinte,Y
Ailane,Y
Youspan,Y
Katz,Y
Eimbee,Y
Minyx,Y
Devcast,Y
Mydo,Y
Realbridge,Y
Oyope,Y
Realcube,Y
Edgewire,Y
Skippad,Y
Fadeo,Y
Avavee,Y
Fadeo,Y
Feedfish,Y
Realblab,Y
Ntag,Y
Divavu,Y
Photojam,Y
Eayo,Y
Gigabox,Y
Dabtype,Y
Chatterpoint,Y
Oyondu,Y
Fivebridge,Y
Rhyloo,Y
Blogtag,Y
Kazu,Y
Omba,Y
Youbridge,Y
Thoughtstorm,Y
Trunyx,Y
Katz,Y
Thoughtstorm,Y
Zoozzy,Y
Aimbu,Y
Dabvine,Y
Feedfire,Y
Edgeblab,Y
Blognation,Y
Eazzy,Y
Twitterwire,Y
Skyvu,Y
Photobug,Y
Vipe,Y
Gabtune,Y
Buzzbean,Y
Skippad,Y
Trudeo,Y
Eare,Y
Twitterbeat,Y
Eidel,Y
Tagtune,Y
Kanoodle,Y
Camido,Y
Avamba,Y
Tagpad,Y
Kare,Y
Abatz,Y
Brainlounge,Y
Quinu,Y
Zazio,Y
Skibox,Y
Zoovu,Y
Snaptags,Y
Agivu,Y
Tagfeed,Y
Mynte,Y
Photobean,Y
Edgepulse,Y
Meeveo,Y
Centizu,Y
Quire,Y
Leexo,Y
Brainsphere,Y
Feednation,Y
Edgeclub,Y
Teklist,Y
Kwideo,Y
Buzzbean,Y
Voolith,Y
Twitterbridge,Y
Avaveo,Y
Tagpad,Y
Thoughtblab,Y
Bluejam,Y
Kamba,Y
Trupe,Y
Youfeed,Y
Twitterlist,Y
Rooxo,Y
Centidel,Y
Tagchat,Y
Oyoyo,Y
Yodo,Y
Fiveclub,Y
Cogidoo,Y
Mynte,Y
Youtags,Y
Avaveo,Y
Zooxo,Y
Voomm,Y
Lazzy,Y
Centizu,Y
Gigabox,Y
Chatterbridge,Y
Tavu,Y
Voonix,Y
Ntags,Y
Skiptube,Y
LiveZ,Y
Zoomlounge,Y
Yakitri,Y
Jabberbean,Y
Zooxo,Y
Browsedrive,Y
Talane,Y
Tagpad,Y
Aibox,Y
Aimbu,Y
Livetube,Y
Mymm,Y
Flashdog,Y
Skalith,Y
Dabfeed,Y
Leexo,Y
Meevee,Y
Photobug,Y
Fiveclub,Y
Zoombeat,Y
Oyondu,Y
Fiveclub,Y
Zooveo,Y
Mymm,Y
Livetube,Y
Flashpoint,Y
Camido,Y
Reallinks,Y
Gabtype,Y
Cogidoo,Y
Zooveo,Y
Skimia,Y
Twinder,Y
Jamia,Y
Kwinu,Y
Vimbo,Y
Zooveo,Y
Npath,Y
Ozu,Y
Ainyx,Y
Flipopia,Y
Yoveo,Y
Rhyzio,Y
Minyx,Y
Zoonoodle,Y
Fivechat,Y
Kazu,Y
Kaymbo,Y
Quire,Y
Skinix,Y
Yacero,Y
Aimbo,Y
Photospace,Y
Skalith,Y
Twitternation,Y
Kamba,Y
Pixonyx,Y
Yakidoo,Y
Yabox,Y
Devshare,Y
Realblab,Y
Quinu,Y
Camimbo,Y
Tanoodle,Y
Zoonder,Y
Linkbridge,Y
Topicstorm,Y
Jaloo,Y
Roodel,Y
Shuffledrive,Y
Demimbu,Y
Roombo,Y
Fanoodle,Y
Topicshots,Y
Mydeo,Y
Roomm,Y
Twitterlist,Y
Plambee,Y
Yacero,Y
Tazzy,Y
Twitterbridge,Y
Voonte,Y
Flipstorm,Y
Yodoo,Y
Topiclounge,Y
Gevee,Y
Yodo,Y
Camido,Y
Quatz,Y
Centimia,Y
Quimba,Y
Dazzlesphere,Y
Wordware,Y
Quatz,Y
Skivee,Y
Meetz,Y
Twitterbeat,Y
Trilia,Y
Fliptune,Y
Muxo,Y
Blogtag,N
Twimm,Y
Shufflebeat,Y
Brightbean,Y
Twitterwire,Y
Yodel,Y
Rhynyx,Y
Skipstorm,Y
Muxo,Y
Quinu,Y
Kazio,Y
Lazz,Y
Topicshots,Y
Skibox,Y
Blogpad,Y
Youtags,Y
Topdrive,Y
Meevee,Y
Tavu,Y
Divanoodle,Y
Skyble,Y
Wikido,Y
Livepath,Y
Brainverse,Y
Trudeo,Y
Zooxo,Y
Abatz,Y
Eayo,Y
Livetube,Y
Voonix,Y
Eazzy,Y
Topiczoom,Y
Voonyx,Y
Meedoo,Y
Eamia,Y
Oyondu,Y
Dabjam,Y
Pixoboo,Y
Quinu,Y
Wikivu,Y
Ntags,Y
Meeveo,Y
Flipbug,Y
Aibox,Y
Chatterbridge,Y
Yakitri,Y
Chatterbridge,Y
Babbleblab,Y
Zooveo,Y
Rooxo,Y
Cogidoo,Y
Pixope,Y
Yombu,Y
Gigabox,N
Bubbletube,Y
Tagpad,Y
Blogtag,Y
Photobug,Y
Yotz,Y
Livetube,Y
Twitterlist,Y
Realbridge,Y
Roomm,Y
Kwinu,Y
Rhynyx,Y
Izio,Y
Quinu,Y
Tavu,Y
Photobug,Y
Dabshots,Y
Mudo,Y
Camimbo,Y
Oyoba,Y
Edgeclub,Y
Quaxo,Y
Voomm,Y
Yabox,Y
Photospace,Y
Minyx,Y
Buzzdog,Y
Blogtags,Y
Trudeo,Y
Photofeed,Y
Kwideo,Y
Tavu,Y
Divavu,Y
Yambee,Y
Rhynyx,Y
Browseblab,Y
Meeveo,Y
Browsezoom,Y
Vitz,Y
Wikizz,Y
Topiclounge,Y
Photobean,Y
Skynoodle,Y
Fivespan,Y
Roomm,Y
Quatz,Y
Jabbercube,Y
Layo,Y
Photolist,Y
Devshare,Y
Browsedrive,Y
Snaptags,Y
Nlounge,Y
Babblestorm,Y
Wikibox,Y
Mydeo,Y
Skibox,Y
Thoughtbeat,Y
Photobug,Y
LiveZ,Y
Divanoodle,Y
Yozio,Y
Devbug,Y
Gabspot,Y
Skippad,Y
Leenti,Y
Skimia,N
Voonyx,Y
Youspan,Y
Eidel,Y
Buzzdog,Y
Gigazoom,Y
Flipopia,Y
Jabbertype,Y
Fivechat,Y
Oba,Y
Wikivu,Y
Linkbridge,Y
Devpulse,Y
Twitterwire,Y
Yambee,Y
Kamba,Y
Riffpath,Y
Jaxnation,Y
Roodel,Y
Trudoo,Y
Voolia,Y
Dablist,Y
Skinder,Y
Photobean,Y
Myworks,Y
Gevee,Y
Skiptube,Y
Eimbee,Y
Thoughtsphere,Y
Twitterwire,Y
Jaxworks,Y
Blogtags,Y
Gigaclub,Y
Meembee,Y
Feedfire,Y
Pixoboo,Y
Photospace,Y
Dabfeed,Y
Meeveo,Y
Livetube,Y
Topdrive,Y
Jabbercube,Y
Skimia,Y
Gigazoom,Y
Yoveo,Y
Divanoodle,Y
Dabvine,Y
Pixonyx,Y
Shufflebeat,Y
Camimbo,Y
Tagopia,Y
Zoozzy,Y
Voomm,Y
Thoughtworks,Y
Reallinks,Y
Linkbuzz,Y
Quinu,Y
Buzzbean,Y
Vidoo,Y
Fivebridge,Y
Quinu,Y
Babblestorm,Y
Ozu,Y
Quamba,Y
Geba,Y
Aimbu,Y
Yozio,Y
Kanoodle,Y
Tanoodle,Y
Twitterwire,Y
Twitterbridge,Y
Latz,Y
Fivebridge,Y
Mynte,Y
Janyx,N
Flashpoint,Y
Thoughtworks,Y
Bubblemix,Y
Oyonder,Y
Mynte,Y
Shuffledrive,Y
Vinte,Y
Dabshots,Y
Gabvine,Y
Skyndu,Y
Demimbu,Y
Muxo,Y
Realcube,Y
Eamia,Y
Quatz,Y
Kazu,Y
Browseblab,Y
Bubbletube,Y
Gigaclub,Y
Dynazzy,Y
Wikibox,Y
Mydeo,Y
Skyba,Y
Gigabox,Y
Quimm,Y
Riffpedia,Y
Zoombeat,Y
Rhynoodle,Y
Edgepulse,Y
Twitterworks,Y
Skajo,Y
Vipe,Y
Twimm,Y
Einti,Y
Rhynyx,Y
Dynava,Y
Yadel,Y
Leenti,Y
Agimba,Y
Mydo,Y
Eabox,Y
Podcat,Y
Mynte,Y
Bluezoom,Y
Eimbee,Y
Yodo,Y
Dynava,Y
Divape,Y
Flashpoint,Y
Feednation,Y
Jaxnation,Y
Jayo,Y
Lazz,Y
Linktype,Y
Dynazzy,Y
JumpXS,Y
Quinu,Y
Buzzshare,Y
Brainlounge,Y
Gigashots,Y
Jazzy,Y
Shuffledrive,Y
Shuffledrive,Y
Realbuzz,Y
Browsebug,Y
Abata,Y
Zoozzy,Y
Edgeclub,Y
Flashpoint,Y
Wikibox,Y
Realbuzz,Y
Fivebridge,Y
Zoombeat,Y
Twinte,Y
Avamm,Y
Twitterwire,Y
Voolith,Y
Thoughtmix,Y
Skilith,Y
Feedbug,Y
Tazzy,Y
Brainverse,Y
Eare,Y
Snaptags,Y
Linkbuzz,Y
Dabjam,Y
Buzzdog,Y
Dynava,Y
Zava,Y
Skivee,Y
Kwideo,Y
Innojam,Y
Vipe,Y
Zoomdog,Y
Kaymbo,Y
Devify,Y
Minyx,Y
Thoughtmix,Y
Dynava,Y
Ailane,Y
Viva,Y
Dabfeed,Y
Eare,Y
Gigashots,Y
Dablist,Y
Dablist,Y
Flipopia,Y
Rhycero,Y
Rhyloo,Y
Zoovu,Y
Tagfeed,Y
Tagpad,Y
Kimia,Y
Oodoo,Y
Mycat,Y
Quimba,Y
Eare,Y
Trudoo,Y
Mymm,Y
Tagopia,Y
Dabfeed,Y
Voolith,Y
Wikizz,Y
Gigashots,Y
Katz,Y
Roombo,Y
Twitterwire,Y
Skippad,Y
Meevee,Y
Wordify,Y
Skimia,Y
Oyoyo,Y
InnoZ,Y
Bubbletube,Y
Skynoodle,Y
Oyoloo,Y
Devbug,Y
Linkbuzz,Y
Ozu,Y
Feednation,Y
Omba,Y
Photobug,N
Gigazoom,Y
Skaboo,Y
Yabox,Y
Yodel,Y
Dynazzy,Y
Tagcat,Y
Nlounge,Y
Browsecat,Y
Feedfish,Y
Realmix,Y
Viva,Y
Tavu,Y
Miboo,Y
Latz,Y
Fatz,Y
Plajo,Y
Eayo,Y
Avamba,Y
Lajo,Y
Tagfeed,Y
Twitternation,Y
Dynava,Y
Jaxbean,Y
Kwideo,Y
DabZ,Y
Quatz,Y
Devbug,Y
Roombo,Y
Dablist,Y
Vitz,Y
Dazzlesphere,Y
Minyx,Y
Ntags,Y
Riffpath,Y
Voolith,Y
Photojam,Y
Rhybox,Y
Topiclounge,Y
Yodoo,Y
Browsebug,Y
Trudeo,Y
Feednation,Y
Topicblab,Y
Edgeclub,Y
Omba,Y
Linkbuzz,Y
Rhyzio,Y
Digitube,Y
Zoonoodle,Y
Quinu,Y
Babbleopia,Y
Pixoboo,Y
Dynabox,Y
Ailane,Y
Teklist,Y
Topicstorm,Y
Flashpoint,Y
Edgeblab,Y
Jaxworks,Y
Vimbo,Y
Twiyo,Y
Thoughtsphere,Y
Linklinks,Y
Livefish,Y
Jatri,Y
Realfire,Y
Digitube,Y
Brainsphere,Y
Eadel,Y
Tagpad,Y
Avamba,Y
Jabbersphere,Y
Skidoo,Y
Zooxo,Y
Kamba,Y
Skibox,Y
Fatz,Y
Skiba,Y
Thoughtstorm,Y
Ntags,Y
Dabfeed,Y
Skinder,Y
Trudeo,Y
Jetwire,Y
Mynte,Y
Snaptags,Y
Jetwire,Y
Topiclounge,Y
Wikivu,N
Meedoo,Y
Reallinks,Y
Youopia,Y
Edgeclub,Y
Voonix,Y
Jaxbean,Y
Yozio,Y
Skyba,Y
Riffpedia,Y
Dazzlesphere,N
Trunyx,Y
Demimbu,N
Topicshots,Y
Roomm,Y
Rhycero,Y
Meevee,Y
Dynabox,Y
Skyba,Y
Jabbersphere,Y
Babblestorm,Y
Latz,Y
DabZ,Y
Wordware,Y
Jaxbean,Y
Rhynyx,Y
Eare,Y
Yotz,Y
Feedmix,Y
Eazzy,Y
Kazio,Y
Flashdog,Y
Fivechat,Y
Trupe,Y
Bubblemix,Y
Voonix,Y
Youbridge,Y
Ntags,Y
Fatz,Y
Kimia,Y
Thoughtmix,Y
Skimia,Y
Zooxo,Y
Tanoodle,Y
Tekfly,Y
Ailane,Y
Tazzy,Y
Kayveo,Y
Lazzy,Y
Browsetype,Y
Oyonder,Y
Oyope,Y
Devcast,Y
Zoovu,Y
Shuffletag,Y
Gabtype,Y
Blognation,Y
Katz,Y
Thoughtblab,Y
Voolia,Y
Eazzy,Y
Photolist,Y
Thoughtbridge,Y
Meevee,Y
Babblestorm,Y
Kare,Y
Skibox,Y
Skiptube,Y
Photofeed,Y
Blognation,Y
Jaxnation,Y
Quatz,Y
Reallinks,Y
Topicstorm,Y
Ailane,Y
Jetwire,Y
Buzzbean,Y
Brainlounge,Y
Pixoboo,Y
Nlounge,Y
Pixonyx,Y
Fivespan,Y
Mycat,Y
Brainverse,Y
Babbleblab,Y
Edgeify,Y
Zazio,Y
Riffwire,Y
Linktype,Y
Realcube,Y
Wikivu,Y
Skipstorm,Y
Photospace,Y
Trupe,Y
Skipfire,Y
Zoomlounge,Y
Dablist,Y
Tambee,Y
Thoughtworks,Y
JumpXS,Y
Buzzdog,Y
Jabberstorm,Y
Edgewire,Y
Fliptune,Y
Quatz,Y
Gabtype,Y
Eire,Y
Wordware,Y
Abatz,Y
Yoveo,Y
Izio,Y
Kaymbo,Y
Pixope,Y
Vipe,Y
Buzzster,Y
Skyba,Y
Skinix,Y
Blogtags,Y
Quimba,Y
Thoughtstorm,Y
Agivu,Y
JumpXS,Y
Thoughtstorm,Y
Ntags,Y
Zoovu,Y
Gigabox,Y
Cogibox,Y
Devshare,Y
Riffpedia,Y
Gabcube,Y
Twitterlist,Y
Geba,Y
Centizu,Y
Youtags,Y
Dabshots,Y
