Supplier Name,Region,Country,Function,Services,Avg. Cost($),Rating,AverageDeliveryTime,NumberofEscalations,Year,Resources,Selected_Flag
Rhyzio,APAC,United States,Administration,Applications Development,401,100,929,320,2016,38734,N
Realbridge,North America,Japan,IT & Infrastructure,Mainframe services,117,100,942,845,2009,72429,N
Thoughtbridge,APAC,Japan,Consulting,Applications Development & Maintenance,226,100,650,984,2003,95756,Y
Vidoo,Asia,Japan,Administration,Service Desk,795,100,190,550,2018,20314,N
Dabvine,APAC,Greece,Administration,Applications Development,491,100,475,457,2011,93005,Y
Fiveclub,Asia,Chile,Procurement,Applications Development,165,100,517,455,2008,13540,Y
Meevee,Europe,Japan,HR,Applications Development & Maintenance,164,100,125,266,2003,39081,N
Fiveclub,Asia,United States,HR,Service Desk,507,100,969,956,2005,63394,Y
Livetube,APAC,United States,Administration,Mainframe services,412,100,534,126,2022,82301,Y
Brainverse,APAC,United States,Administration,Service Desk,605,100,750,186,2009,91913,Y
Babbleblab,South America,Japan,IT & Infrastructure,Consultation,857,42,707,0,2022,69597,N
Blogtags,Africa,Japan,Consulting,Applications Development & Maintenance,227,2,140,177,2008,100026,Y
Janyx,South America,United States,Administration,Applications Development & Maintenance,775,76,60,41,2014,2856,N
Vipe,South America,Japan,HR,Mainframe services,717,100,595,432,2006,57205,Y
Jabbersphere,South America,Greece,Procurement,Consultation,271,100,286,484,2012,15348,N
Voonix,South America,Japan,Administration,Consultation,889,100,99,732,2017,95897,Y
Riffpedia,APAC,United States,Administration,Applications Development,1000,100,999,987,2021,38644,Y
