<csvprofiles>
  <models>
    <model_name>Model4</model_name>
    <tr_profile>Csv1</tr_profile>
    <tst_profile>CSV2</tst_profile>
    <tst_datasize>0.6</tst_datasize>
    <algo>Neural Netword based</algo>
  </models>
  <models>
    <model_name>MyModel</model_name>
    <tr_profile>Csv1</tr_profile>
    <tst_profile>CSV2</tst_profile>
    <tst_datasize>0.60</tst_datasize>
    <algo>LogIT (Stats Model)</algo>
  </models>
  <models>
    <model_name>MyFirstLogistics</model_name>
    <tr_profile>Training_Data</tr_profile>
    <tst_profile>Test_Data</tst_profile>
    <tst_datasize>0.25</tst_datasize>
    <algo>Logistic Regression</algo>
  </models>
</csvprofiles>