<csvprofiles>
  <csvprofile>
    <csvprofile_name>Csv1</csvprofile_name>
    <csvprofile_path>C:\Users\91998\Downloads\SirionLabsSample_New.csv</csvprofile_path>
    <csvfile_name>SirionLabsSample_New.csv</csvfile_name>
  </csvprofile>
  <csvprofile>
    <csvprofile_name>CSV2</csvprofile_name>
    <csvprofile_path>C:\Users\91998\Downloads\SirionLabsSample.csv</csvprofile_path>
    <csvfile_name>SirionLabsSample.csv</csvfile_name>
  </csvprofile>
  <csvprofile>
    <csvprofile_name>TestDelete</csvprofile_name>
    <csvprofile_path>C:\Users\91998\Downloads\SirionLabsSample_DS.csv</csvprofile_path>
    <csvfile_name>SirionLabsSample_DS.csv</csvfile_name>
  </csvprofile>
  <csvprofile>
    <csvprofile_name>Dum_Supp_1</csvprofile_name>
    <csvprofile_path>C:\slys\data\SirionLabs_DS_1.csv</csvprofile_path>
    <csvfile_name>SirionLabs_DS_1.csv</csvfile_name>
  </csvprofile>
  <csvprofile>
    <csvprofile_name>Training_Data</csvprofile_name>
    <csvprofile_path>C:\slys\data\SirionLabsSample1.csv</csvprofile_path>
    <csvfile_name>SirionLabsSample1.csv</csvfile_name>
  </csvprofile>
  <csvprofile>
    <csvprofile_name>Test_Data</csvprofile_name>
    <csvprofile_path>C:\slys\data\SirionLabsSample_Act.csv</csvprofile_path>
    <csvfile_name>SirionLabsSample_Act.csv</csvfile_name>
  </csvprofile>
</csvprofiles>